player,game_seed,lines,pieces,score,singles,doubles,triples,tetrises,reached_cap,seconds,weights
"GA (default, seed 0)",1000000000,85,233,3620,63,11,0,0,False,0.06,"[-0.976186, 0.019916, -0.090816, -0.025045, -0.135827, -0.139069]"
"GA (default, seed 0)",1000000001,238,615,10400,195,17,3,0,False,0.1,"[-0.976186, 0.019916, -0.090816, -0.025045, -0.135827, -0.139069]"
"GA (default, seed 0)",1000000002,113,303,4840,96,7,1,0,False,0.05,"[-0.976186, 0.019916, -0.090816, -0.025045, -0.135827, -0.139069]"
"GA (default, seed 0)",1000000003,187,488,8340,146,16,3,0,False,0.08,"[-0.976186, 0.019916, -0.090816, -0.025045, -0.135827, -0.139069]"
"GA (default, seed 0)",1000000004,366,935,15580,302,29,2,0,False,0.16,"[-0.976186, 0.019916, -0.090816, -0.025045, -0.135827, -0.139069]"
"GA (default, seed 0)",1000000005,240,621,12540,191,16,3,2,False,0.1,"[-0.976186, 0.019916, -0.090816, -0.025045, -0.135827, -0.139069]"
"GA (default, seed 0)",1000000006,203,529,8880,157,20,2,0,False,0.11,"[-0.976186, 0.019916, -0.090816, -0.025045, -0.135827, -0.139069]"
"GA (default, seed 0)",1000000007,726,1836,33160,574,66,4,2,False,0.33,"[-0.976186, 0.019916, -0.090816, -0.025045, -0.135827, -0.139069]"
"GA (default, seed 0)",1000000008,70,196,2900,60,5,0,0,False,0.03,"[-0.976186, 0.019916, -0.090816, -0.025045, -0.135827, -0.139069]"
"GA (default, seed 0)",1000000009,146,384,7260,119,10,1,1,False,0.06,"[-0.976186, 0.019916, -0.090816, -0.025045, -0.135827, -0.139069]"
"GA (default, seed 0)",1000000010,33,103,1400,25,4,0,0,False,0.01,"[-0.976186, 0.019916, -0.090816, -0.025045, -0.135827, -0.139069]"
"GA (default, seed 0)",1000000011,103,278,5460,84,6,1,1,False,0.06,"[-0.976186, 0.019916, -0.090816, -0.025045, -0.135827, -0.139069]"
"GA (default, seed 0)",1000000012,203,527,10900,155,17,2,2,False,0.12,"[-0.976186, 0.019916, -0.090816, -0.025045, -0.135827, -0.139069]"
"GA (default, seed 0)",1000000013,141,374,6240,111,12,2,0,False,0.07,"[-0.976186, 0.019916, -0.090816, -0.025045, -0.135827, -0.139069]"
"GA (default, seed 0)",1000000014,22,76,940,16,3,0,0,False,0.01,"[-0.976186, 0.019916, -0.090816, -0.025045, -0.135827, -0.139069]"
"GA (default, seed 0)",1000000015,66,185,2920,53,5,1,0,False,0.03,"[-0.976186, 0.019916, -0.090816, -0.025045, -0.135827, -0.139069]"
"GA (default, seed 0)",1000000016,535,1359,23520,453,36,2,1,False,0.22,"[-0.976186, 0.019916, -0.090816, -0.025045, -0.135827, -0.139069]"
"GA (default, seed 0)",1000000017,208,541,8820,158,25,0,0,False,0.12,"[-0.976186, 0.019916, -0.090816, -0.025045, -0.135827, -0.139069]"
"GA (default, seed 0)",1000000018,65,184,2660,59,3,0,0,False,0.03,"[-0.976186, 0.019916, -0.090816, -0.025045, -0.135827, -0.139069]"
"GA (default, seed 0)",1000000019,28,91,1180,22,3,0,0,False,0.01,"[-0.976186, 0.019916, -0.090816, -0.025045, -0.135827, -0.139069]"
"GA (default, seed 1)",1000000000,274,706,11680,232,18,2,0,False,0.11,"[-0.417369, -0.825973, -0.140684, 0.253286, -0.002491, -0.244172]"
"GA (default, seed 1)",1000000001,19,68,820,13,3,0,0,False,0.01,"[-0.417369, -0.825973, -0.140684, 0.253286, -0.002491, -0.244172]"
"GA (default, seed 1)",1000000002,113,302,4680,97,8,0,0,False,0.05,"[-0.417369, -0.825973, -0.140684, 0.253286, -0.002491, -0.244172]"
"GA (default, seed 1)",1000000003,58,166,2600,45,5,1,0,False,0.02,"[-0.417369, -0.825973, -0.140684, 0.253286, -0.002491, -0.244172]"
"GA (default, seed 1)",1000000004,101,274,4180,87,7,0,0,False,0.04,"[-0.417369, -0.825973, -0.140684, 0.253286, -0.002491, -0.244172]"
"GA (default, seed 1)",1000000005,156,412,6400,140,8,0,0,False,0.06,"[-0.417369, -0.825973, -0.140684, 0.253286, -0.002491, -0.244172]"
"GA (default, seed 1)",1000000006,246,636,10400,205,19,1,0,False,0.1,"[-0.417369, -0.825973, -0.140684, 0.253286, -0.002491, -0.244172]"
"GA (default, seed 1)",1000000007,84,230,3480,72,6,0,0,False,0.04,"[-0.417369, -0.825973, -0.140684, 0.253286, -0.002491, -0.244172]"
"GA (default, seed 1)",1000000008,164,431,7840,136,12,0,1,False,0.07,"[-0.417369, -0.825973, -0.140684, 0.253286, -0.002491, -0.244172]"
"GA (default, seed 1)",1000000009,53,152,2380,42,4,1,0,False,0.02,"[-0.417369, -0.825973, -0.140684, 0.253286, -0.002491, -0.244172]"
"GA (default, seed 1)",1000000010,243,630,10220,208,16,1,0,False,0.1,"[-0.417369, -0.825973, -0.140684, 0.253286, -0.002491, -0.244172]"
"GA (default, seed 1)",1000000011,11,48,460,9,1,0,0,False,0.01,"[-0.417369, -0.825973, -0.140684, 0.253286, -0.002491, -0.244172]"
"GA (default, seed 1)",1000000012,70,196,2860,64,3,0,0,False,0.03,"[-0.417369, -0.825973, -0.140684, 0.253286, -0.002491, -0.244172]"
"GA (default, seed 1)",1000000013,191,498,7760,179,6,0,0,False,0.08,"[-0.417369, -0.825973, -0.140684, 0.253286, -0.002491, -0.244172]"
"GA (default, seed 1)",1000000014,115,309,4940,96,8,1,0,False,0.05,"[-0.417369, -0.825973, -0.140684, 0.253286, -0.002491, -0.244172]"
"GA (default, seed 1)",1000000015,391,999,16420,343,21,2,0,False,0.21,"[-0.417369, -0.825973, -0.140684, 0.253286, -0.002491, -0.244172]"
"GA (default, seed 1)",1000000016,372,950,15260,334,19,0,0,False,0.15,"[-0.417369, -0.825973, -0.140684, 0.253286, -0.002491, -0.244172]"
"GA (default, seed 1)",1000000017,162,426,6680,142,10,0,0,False,0.08,"[-0.417369, -0.825973, -0.140684, 0.253286, -0.002491, -0.244172]"
"GA (default, seed 1)",1000000018,97,263,3920,93,2,0,0,False,0.05,"[-0.417369, -0.825973, -0.140684, 0.253286, -0.002491, -0.244172]"
"GA (default, seed 1)",1000000019,35,108,1520,23,6,0,0,False,0.02,"[-0.417369, -0.825973, -0.140684, 0.253286, -0.002491, -0.244172]"
"GA (default, seed 2)",1000000000,159,418,6460,149,5,0,0,False,0.11,"[-0.396208, -0.69605, -0.09684, 0.531565, -0.170463, -0.193746]"
"GA (default, seed 2)",1000000001,420,1069,20020,343,30,3,2,False,0.16,"[-0.396208, -0.69605, -0.09684, 0.531565, -0.170463, -0.193746]"
"GA (default, seed 2)",1000000002,105,283,4320,93,6,0,0,False,0.04,"[-0.396208, -0.69605, -0.09684, 0.531565, -0.170463, -0.193746]"
"GA (default, seed 2)",1000000003,37,114,1680,32,1,1,0,False,0.02,"[-0.396208, -0.69605, -0.09684, 0.531565, -0.170463, -0.193746]"
"GA (default, seed 2)",1000000004,85,233,3500,75,5,0,0,False,0.04,"[-0.396208, -0.69605, -0.09684, 0.531565, -0.170463, -0.193746]"
"GA (default, seed 2)",1000000005,67,188,2740,61,3,0,0,False,0.03,"[-0.396208, -0.69605, -0.09684, 0.531565, -0.170463, -0.193746]"
"GA (default, seed 2)",1000000006,121,324,5000,105,8,0,0,False,0.05,"[-0.396208, -0.69605, -0.09684, 0.531565, -0.170463, -0.193746]"
"GA (default, seed 2)",1000000007,476,1211,21060,379,38,7,0,False,0.2,"[-0.396208, -0.69605, -0.09684, 0.531565, -0.170463, -0.193746]"
"GA (default, seed 2)",1000000008,308,791,13420,258,19,4,0,False,0.12,"[-0.396208, -0.69605, -0.09684, 0.531565, -0.170463, -0.193746]"
"GA (default, seed 2)",1000000009,88,241,3600,80,4,0,0,False,0.04,"[-0.396208, -0.69605, -0.09684, 0.531565, -0.170463, -0.193746]"
"GA (default, seed 2)",1000000010,172,451,7080,152,10,0,0,False,0.1,"[-0.396208, -0.69605, -0.09684, 0.531565, -0.170463, -0.193746]"
"GA (default, seed 2)",1000000011,71,199,3180,52,8,1,0,False,0.03,"[-0.396208, -0.69605, -0.09684, 0.531565, -0.170463, -0.193746]"
"GA (default, seed 2)",1000000012,431,1098,18200,350,39,1,0,False,0.17,"[-0.396208, -0.69605, -0.09684, 0.531565, -0.170463, -0.193746]"
"GA (default, seed 2)",1000000013,147,388,6280,122,11,1,0,False,0.1,"[-0.396208, -0.69605, -0.09684, 0.531565, -0.170463, -0.193746]"
"GA (default, seed 2)",1000000014,135,360,5600,115,10,0,0,False,0.07,"[-0.396208, -0.69605, -0.09684, 0.531565, -0.170463, -0.193746]"
"GA (default, seed 2)",1000000015,66,186,2920,53,5,1,0,False,0.04,"[-0.396208, -0.69605, -0.09684, 0.531565, -0.170463, -0.193746]"
"GA (default, seed 2)",1000000016,149,394,6520,123,10,2,0,False,0.1,"[-0.396208, -0.69605, -0.09684, 0.531565, -0.170463, -0.193746]"
"GA (default, seed 2)",1000000017,39,119,1600,35,2,0,0,False,0.02,"[-0.396208, -0.69605, -0.09684, 0.531565, -0.170463, -0.193746]"
"GA (default, seed 2)",1000000018,168,441,7360,134,14,2,0,False,0.07,"[-0.396208, -0.69605, -0.09684, 0.531565, -0.170463, -0.193746]"
"GA (default, seed 2)",1000000019,53,153,2200,45,4,0,0,False,0.04,"[-0.396208, -0.69605, -0.09684, 0.531565, -0.170463, -0.193746]"
"GA (default, seed 3)",1000000000,85,233,3560,69,8,0,0,False,0.04,"[-0.946013, -0.199567, -0.181184, -0.134334, 0.114934, -0.033896]"
"GA (default, seed 3)",1000000001,24,79,980,22,1,0,0,False,0.02,"[-0.946013, -0.199567, -0.181184, -0.134334, 0.114934, -0.033896]"
"GA (default, seed 3)",1000000002,112,300,4620,98,7,0,0,False,0.04,"[-0.946013, -0.199567, -0.181184, -0.134334, 0.114934, -0.033896]"
"GA (default, seed 3)",1000000003,53,153,2200,45,4,0,0,False,0.04,"[-0.946013, -0.199567, -0.181184, -0.134334, 0.114934, -0.033896]"
"GA (default, seed 3)",1000000004,372,950,18420,293,28,5,2,False,0.17,"[-0.946013, -0.199567, -0.181184, -0.134334, 0.114934, -0.033896]"
"GA (default, seed 3)",1000000005,240,621,11380,192,19,2,1,False,0.15,"[-0.946013, -0.199567, -0.181184, -0.134334, 0.114934, -0.033896]"
"GA (default, seed 3)",1000000006,70,195,3460,49,6,3,0,False,0.04,"[-0.946013, -0.199567, -0.181184, -0.134334, 0.114934, -0.033896]"
"GA (default, seed 3)",1000000007,70,196,2900,60,5,0,0,False,0.04,"[-0.946013, -0.199567, -0.181184, -0.134334, 0.114934, -0.033896]"
"GA (default, seed 3)",1000000008,272,700,11700,220,23,2,0,False,0.11,"[-0.946013, -0.199567, -0.181184, -0.134334, 0.114934, -0.033896]"
"GA (default, seed 3)",1000000009,50,144,2260,39,4,1,0,False,0.02,"[-0.946013, -0.199567, -0.181184, -0.134334, 0.114934, -0.033896]"
"GA (default, seed 3)",1000000010,25,82,1040,21,2,0,0,False,0.01,"[-0.946013, -0.199567, -0.181184, -0.134334, 0.114934, -0.033896]"
"GA (default, seed 3)",1000000011,325,831,13980,272,22,3,0,False,0.15,"[-0.946013, -0.199567, -0.181184, -0.134334, 0.114934, -0.033896]"
"GA (default, seed 3)",1000000012,86,235,3640,66,10,0,0,False,0.04,"[-0.946013, -0.199567, -0.181184, -0.134334, 0.114934, -0.033896]"
"GA (default, seed 3)",1000000013,57,161,3380,47,3,0,1,False,0.02,"[-0.946013, -0.199567, -0.181184, -0.134334, 0.114934, -0.033896]"
"GA (default, seed 3)",1000000014,59,166,2420,53,3,0,0,False,0.03,"[-0.946013, -0.199567, -0.181184, -0.134334, 0.114934, -0.033896]"
"GA (default, seed 3)",1000000015,45,134,1920,33,6,0,0,False,0.02,"[-0.946013, -0.199567, -0.181184, -0.134334, 0.114934, -0.033896]"
"GA (default, seed 3)",1000000016,60,171,2500,50,5,0,0,False,0.03,"[-0.946013, -0.199567, -0.181184, -0.134334, 0.114934, -0.033896]"
"GA (default, seed 3)",1000000017,51,149,2120,43,4,0,0,False,0.03,"[-0.946013, -0.199567, -0.181184, -0.134334, 0.114934, -0.033896]"
"GA (default, seed 3)",1000000018,112,300,4660,94,9,0,0,False,0.05,"[-0.946013, -0.199567, -0.181184, -0.134334, 0.114934, -0.033896]"
"GA (default, seed 3)",1000000019,34,105,1620,23,4,1,0,False,0.03,"[-0.946013, -0.199567, -0.181184, -0.134334, 0.114934, -0.033896]"
"GA (default, seed 4)",1000000000,99,267,4240,86,5,1,0,False,0.06,"[-0.695456, -0.616179, -0.201674, -0.304057, -0.021232, -0.055595]"
"GA (default, seed 4)",1000000001,120,320,5280,102,6,2,0,False,0.05,"[-0.695456, -0.616179, -0.201674, -0.304057, -0.021232, -0.055595]"
"GA (default, seed 4)",1000000002,131,348,5680,102,13,1,0,False,0.08,"[-0.695456, -0.616179, -0.201674, -0.304057, -0.021232, -0.055595]"
"GA (default, seed 4)",1000000003,188,491,8160,154,14,2,0,False,0.07,"[-0.695456, -0.616179, -0.201674, -0.304057, -0.021232, -0.055595]"
"GA (default, seed 4)",1000000004,202,525,8600,165,17,1,0,False,0.08,"[-0.695456, -0.616179, -0.201674, -0.304057, -0.021232, -0.055595]"
"GA (default, seed 4)",1000000005,218,566,9580,177,16,3,0,False,0.11,"[-0.695456, -0.616179, -0.201674, -0.304057, -0.021232, -0.055595]"
"GA (default, seed 4)",1000000006,77,214,3380,62,6,1,0,False,0.03,"[-0.695456, -0.616179, -0.201674, -0.304057, -0.021232, -0.055595]"
"GA (default, seed 4)",1000000007,206,536,9120,163,17,3,0,False,0.08,"[-0.695456, -0.616179, -0.201674, -0.304057, -0.021232, -0.055595]"
"GA (default, seed 4)",1000000008,365,933,16760,294,29,3,1,False,0.18,"[-0.695456, -0.616179, -0.201674, -0.304057, -0.021232, -0.055595]"
"GA (default, seed 4)",1000000009,56,159,2300,50,3,0,0,False,0.02,"[-0.695456, -0.616179, -0.201674, -0.304057, -0.021232, -0.055595]"
"GA (default, seed 4)",1000000010,42,127,1720,38,2,0,0,False,0.02,"[-0.695456, -0.616179, -0.201674, -0.304057, -0.021232, -0.055595]"
"GA (default, seed 4)",1000000011,312,801,13000,260,26,0,0,False,0.12,"[-0.695456, -0.616179, -0.201674, -0.304057, -0.021232, -0.055595]"
"GA (default, seed 4)",1000000012,96,261,4220,73,10,1,0,False,0.04,"[-0.695456, -0.616179, -0.201674, -0.304057, -0.021232, -0.055595]"
"GA (default, seed 4)",1000000013,160,421,6940,121,18,1,0,False,0.1,"[-0.695456, -0.616179, -0.201674, -0.304057, -0.021232, -0.055595]"
"GA (default, seed 4)",1000000014,135,359,5580,117,9,0,0,False,0.08,"[-0.695456, -0.616179, -0.201674, -0.304057, -0.021232, -0.055595]"
"GA (default, seed 4)",1000000015,96,259,3980,82,7,0,0,False,0.04,"[-0.695456, -0.616179, -0.201674, -0.304057, -0.021232, -0.055595]"
"GA (default, seed 4)",1000000016,124,330,5120,108,8,0,0,False,0.09,"[-0.695456, -0.616179, -0.201674, -0.304057, -0.021232, -0.055595]"
"GA (default, seed 4)",1000000017,212,550,9080,182,12,2,0,False,0.08,"[-0.695456, -0.616179, -0.201674, -0.304057, -0.021232, -0.055595]"
"GA (default, seed 4)",1000000018,432,1101,20580,347,34,3,2,False,0.2,"[-0.695456, -0.616179, -0.201674, -0.304057, -0.021232, -0.055595]"
"GA (default, seed 4)",1000000019,153,403,6540,126,12,1,0,False,0.06,"[-0.695456, -0.616179, -0.201674, -0.304057, -0.021232, -0.055595]"
"GA (default, seed 5)",1000000000,367,939,15660,299,31,2,0,False,0.16,"[-0.926635, -0.212873, -0.150451, 0.251384, -0.047103, -0.089358]"
"GA (default, seed 5)",1000000001,121,323,5400,95,10,2,0,False,0.06,"[-0.926635, -0.212873, -0.150451, 0.251384, -0.047103, -0.089358]"
"GA (default, seed 5)",1000000002,391,998,16960,304,39,3,0,False,0.16,"[-0.926635, -0.212873, -0.150451, 0.251384, -0.047103, -0.089358]"
"GA (default, seed 5)",1000000003,72,201,3020,58,7,0,0,False,0.03,"[-0.926635, -0.212873, -0.150451, 0.251384, -0.047103, -0.089358]"
"GA (default, seed 5)",1000000004,204,531,9480,172,14,0,1,False,0.08,"[-0.926635, -0.212873, -0.150451, 0.251384, -0.047103, -0.089358]"
"GA (default, seed 5)",1000000005,70,195,3120,53,7,1,0,False,0.03,"[-0.926635, -0.212873, -0.150451, 0.251384, -0.047103, -0.089358]"
"GA (default, seed 5)",1000000006,61,173,2680,52,3,1,0,False,0.03,"[-0.926635, -0.212873, -0.150451, 0.251384, -0.047103, -0.089358]"
"GA (default, seed 5)",1000000007,297,762,13340,241,19,6,0,False,0.13,"[-0.926635, -0.212873, -0.150451, 0.251384, -0.047103, -0.089358]"
"GA (default, seed 5)",1000000008,130,345,5740,106,9,2,0,False,0.05,"[-0.926635, -0.212873, -0.150451, 0.251384, -0.047103, -0.089358]"
"GA (default, seed 5)",1000000009,72,200,3300,60,3,2,0,False,0.03,"[-0.926635, -0.212873, -0.150451, 0.251384, -0.047103, -0.089358]"
"GA (default, seed 5)",1000000010,334,856,14580,272,25,4,0,False,0.12,"[-0.926635, -0.212873, -0.150451, 0.251384, -0.047103, -0.089358]"
"GA (default, seed 5)",1000000011,90,244,4720,78,4,0,1,False,0.04,"[-0.926635, -0.212873, -0.150451, 0.251384, -0.047103, -0.089358]"
"GA (default, seed 5)",1000000012,73,202,3200,60,5,1,0,False,0.03,"[-0.926635, -0.212873, -0.150451, 0.251384, -0.047103, -0.089358]"
"GA (default, seed 5)",1000000013,434,1106,20580,357,30,3,2,False,0.24,"[-0.926635, -0.212873, -0.150451, 0.251384, -0.047103, -0.089358]"
"GA (default, seed 5)",1000000014,339,869,14300,280,28,1,0,False,0.13,"[-0.926635, -0.212873, -0.150451, 0.251384, -0.047103, -0.089358]"
"GA (default, seed 5)",1000000015,390,997,18540,301,32,7,1,False,0.16,"[-0.926635, -0.212873, -0.150451, 0.251384, -0.047103, -0.089358]"
"GA (default, seed 5)",1000000016,71,197,3100,60,4,1,0,False,0.05,"[-0.926635, -0.212873, -0.150451, 0.251384, -0.047103, -0.089358]"
"GA (default, seed 5)",1000000017,144,380,6440,106,16,2,0,False,0.1,"[-0.926635, -0.212873, -0.150451, 0.251384, -0.047103, -0.089358]"
"GA (default, seed 5)",1000000018,136,360,6000,110,10,2,0,False,0.06,"[-0.926635, -0.212873, -0.150451, 0.251384, -0.047103, -0.089358]"
"GA (default, seed 5)",1000000019,355,908,15380,297,23,4,0,False,0.18,"[-0.926635, -0.212873, -0.150451, 0.251384, -0.047103, -0.089358]"
"GA (default, seed 6)",1000000000,139,367,5820,113,13,0,0,False,0.09,"[-0.946422, -0.166215, -0.16757, 0.077935, -0.182858, -0.095218]"
"GA (default, seed 6)",1000000001,41,124,1860,34,2,1,0,False,0.06,"[-0.946422, -0.166215, -0.16757, 0.077935, -0.182858, -0.095218]"
"GA (default, seed 6)",1000000002,119,317,5060,104,6,1,0,False,0.13,"[-0.946422, -0.166215, -0.16757, 0.077935, -0.182858, -0.095218]"
"GA (default, seed 6)",1000000003,239,618,10040,206,15,1,0,False,0.13,"[-0.946422, -0.166215, -0.16757, 0.077935, -0.182858, -0.095218]"
"GA (default, seed 6)",1000000004,147,389,6200,130,7,1,0,False,0.08,"[-0.946422, -0.166215, -0.16757, 0.077935, -0.182858, -0.095218]"
"GA (default, seed 6)",1000000005,151,399,6380,132,8,1,0,False,0.1,"[-0.946422, -0.166215, -0.16757, 0.077935, -0.182858, -0.095218]"
"GA (default, seed 6)",1000000006,18,66,740,16,1,0,0,False,0.01,"[-0.946422, -0.166215, -0.16757, 0.077935, -0.182858, -0.095218]"
"GA (default, seed 6)",1000000007,41,123,1660,39,1,0,0,False,0.02,"[-0.946422, -0.166215, -0.16757, 0.077935, -0.182858, -0.095218]"
"GA (default, seed 6)",1000000008,191,500,8320,153,16,2,0,False,0.1,"[-0.946422, -0.166215, -0.16757, 0.077935, -0.182858, -0.095218]"
"GA (default, seed 6)",1000000009,70,196,2920,58,6,0,0,False,0.03,"[-0.946422, -0.166215, -0.16757, 0.077935, -0.182858, -0.095218]"
"GA (default, seed 6)",1000000010,59,168,2500,45,7,0,0,False,0.03,"[-0.946422, -0.166215, -0.16757, 0.077935, -0.182858, -0.095218]"
"GA (default, seed 6)",1000000011,99,267,4060,89,5,0,0,False,0.04,"[-0.946422, -0.166215, -0.16757, 0.077935, -0.182858, -0.095218]"
"GA (default, seed 6)",1000000012,62,175,2760,49,5,1,0,False,0.03,"[-0.946422, -0.166215, -0.16757, 0.077935, -0.182858, -0.095218]"
"GA (default, seed 6)",1000000013,190,495,8460,149,16,3,0,False,0.1,"[-0.946422, -0.166215, -0.16757, 0.077935, -0.182858, -0.095218]"
"GA (default, seed 6)",1000000014,375,959,16100,310,28,3,0,False,0.17,"[-0.946422, -0.166215, -0.16757, 0.077935, -0.182858, -0.095218]"
"GA (default, seed 6)",1000000015,418,1067,19320,333,33,5,1,False,0.17,"[-0.946422, -0.166215, -0.16757, 0.077935, -0.182858, -0.095218]"
"GA (default, seed 6)",1000000016,93,253,4060,74,8,1,0,False,0.04,"[-0.946422, -0.166215, -0.16757, 0.077935, -0.182858, -0.095218]"
"GA (default, seed 6)",1000000017,127,337,5300,105,11,0,0,False,0.07,"[-0.946422, -0.166215, -0.16757, 0.077935, -0.182858, -0.095218]"
"GA (default, seed 6)",1000000018,53,155,2220,43,5,0,0,False,0.03,"[-0.946422, -0.166215, -0.16757, 0.077935, -0.182858, -0.095218]"
"GA (default, seed 6)",1000000019,420,1070,17300,370,25,0,0,False,0.27,"[-0.946422, -0.166215, -0.16757, 0.077935, -0.182858, -0.095218]"
"GA (default, seed 7)",1000000000,332,852,14180,287,18,3,0,False,0.15,"[-0.852612, -0.189073, -0.067402, 0.021207, -0.394282, -0.277225]"
"GA (default, seed 7)",1000000001,158,416,6540,136,11,0,0,False,0.09,"[-0.852612, -0.189073, -0.067402, 0.021207, -0.394282, -0.277225]"
"GA (default, seed 7)",1000000002,313,802,14020,263,23,0,1,False,0.15,"[-0.852612, -0.189073, -0.067402, 0.021207, -0.394282, -0.277225]"
"GA (default, seed 7)",1000000003,255,658,11900,215,15,2,1,False,0.1,"[-0.852612, -0.189073, -0.067402, 0.021207, -0.394282, -0.277225]"
"GA (default, seed 7)",1000000004,22,77,880,22,0,0,0,False,0.01,"[-0.852612, -0.189073, -0.067402, 0.021207, -0.394282, -0.277225]"
"GA (default, seed 7)",1000000005,132,350,5440,116,8,0,0,False,0.05,"[-0.852612, -0.189073, -0.067402, 0.021207, -0.394282, -0.277225]"
"GA (default, seed 7)",1000000006,123,329,5060,109,7,0,0,False,0.05,"[-0.852612, -0.189073, -0.067402, 0.021207, -0.394282, -0.277225]"
"GA (default, seed 7)",1000000007,30,97,1280,22,4,0,0,False,0.01,"[-0.852612, -0.189073, -0.067402, 0.021207, -0.394282, -0.277225]"
"GA (default, seed 7)",1000000008,109,293,4480,97,6,0,0,False,0.06,"[-0.852612, -0.189073, -0.067402, 0.021207, -0.394282, -0.277225]"
"GA (default, seed 7)",1000000009,158,416,6760,129,13,1,0,False,0.07,"[-0.852612, -0.189073, -0.067402, 0.021207, -0.394282, -0.277225]"
"GA (default, seed 7)",1000000010,150,395,6240,126,12,0,0,False,0.1,"[-0.852612, -0.189073, -0.067402, 0.021207, -0.394282, -0.277225]"
"GA (default, seed 7)",1000000011,38,115,1600,30,4,0,0,False,0.02,"[-0.852612, -0.189073, -0.067402, 0.021207, -0.394282, -0.277225]"
"GA (default, seed 7)",1000000012,210,546,9400,170,14,4,0,False,0.15,"[-0.852612, -0.189073, -0.067402, 0.021207, -0.394282, -0.277225]"
"GA (default, seed 7)",1000000013,320,821,14300,285,14,1,1,False,0.15,"[-0.852612, -0.189073, -0.067402, 0.021207, -0.394282, -0.277225]"
"GA (default, seed 7)",1000000014,30,97,1240,26,2,0,0,False,0.03,"[-0.852612, -0.189073, -0.067402, 0.021207, -0.394282, -0.277225]"
"GA (default, seed 7)",1000000015,149,394,6360,124,11,1,0,False,0.08,"[-0.852612, -0.189073, -0.067402, 0.021207, -0.394282, -0.277225]"
"GA (default, seed 7)",1000000016,48,142,2140,41,2,1,0,False,0.02,"[-0.852612, -0.189073, -0.067402, 0.021207, -0.394282, -0.277225]"
"GA (default, seed 7)",1000000017,95,259,4240,81,4,2,0,False,0.05,"[-0.852612, -0.189073, -0.067402, 0.021207, -0.394282, -0.277225]"
"GA (default, seed 7)",1000000018,47,139,1940,41,3,0,0,False,0.02,"[-0.852612, -0.189073, -0.067402, 0.021207, -0.394282, -0.277225]"
"GA (default, seed 7)",1000000019,227,590,9480,187,20,0,0,False,0.09,"[-0.852612, -0.189073, -0.067402, 0.021207, -0.394282, -0.277225]"
"GA (default, seed 8)",1000000000,329,844,14180,272,24,3,0,False,0.16,"[-0.286506, -0.906471, -0.097675, 0.037566, -0.204189, -0.208758]"
"GA (default, seed 8)",1000000001,756,1911,32480,637,49,7,0,False,0.42,"[-0.286506, -0.906471, -0.097675, 0.037566, -0.204189, -0.208758]"
"GA (default, seed 8)",1000000002,123,328,5080,107,8,0,0,False,0.06,"[-0.286506, -0.906471, -0.097675, 0.037566, -0.204189, -0.208758]"
"GA (default, seed 8)",1000000003,37,114,1680,32,1,1,0,False,0.02,"[-0.286506, -0.906471, -0.097675, 0.037566, -0.204189, -0.208758]"
"GA (default, seed 8)",1000000004,57,163,2340,51,3,0,0,False,0.02,"[-0.286506, -0.906471, -0.097675, 0.037566, -0.204189, -0.208758]"
"GA (default, seed 8)",1000000005,467,1188,19780,387,37,2,0,False,0.22,"[-0.286506, -0.906471, -0.097675, 0.037566, -0.204189, -0.208758]"
"GA (default, seed 8)",1000000006,191,499,8820,148,14,5,0,False,0.14,"[-0.286506, -0.906471, -0.097675, 0.037566, -0.204189, -0.208758]"
"GA (default, seed 8)",1000000007,119,318,5120,98,9,1,0,False,0.08,"[-0.286506, -0.906471, -0.097675, 0.037566, -0.204189, -0.208758]"
"GA (default, seed 8)",1000000008,64,180,2780,57,2,1,0,False,0.04,"[-0.286506, -0.906471, -0.097675, 0.037566, -0.204189, -0.208758]"
"GA (default, seed 8)",1000000009,88,241,3600,80,4,0,0,False,0.06,"[-0.286506, -0.906471, -0.097675, 0.037566, -0.204189, -0.208758]"
"GA (default, seed 8)",1000000010,54,155,2260,44,5,0,0,False,0.03,"[-0.286506, -0.906471, -0.097675, 0.037566, -0.204189, -0.208758]"
"GA (default, seed 8)",1000000011,71,199,3180,52,8,1,0,False,0.03,"[-0.286506, -0.906471, -0.097675, 0.037566, -0.204189, -0.208758]"
"GA (default, seed 8)",1000000012,201,523,8240,181,10,0,0,False,0.11,"[-0.286506, -0.906471, -0.097675, 0.037566, -0.204189, -0.208758]"
"GA (default, seed 8)",1000000013,97,264,4000,85,6,0,0,False,0.05,"[-0.286506, -0.906471, -0.097675, 0.037566, -0.204189, -0.208758]"
"GA (default, seed 8)",1000000014,122,326,5300,95,12,1,0,False,0.08,"[-0.286506, -0.906471, -0.097675, 0.037566, -0.204189, -0.208758]"
"GA (default, seed 8)",1000000015,672,1700,28960,554,50,6,0,False,0.28,"[-0.286506, -0.906471, -0.097675, 0.037566, -0.204189, -0.208758]"
"GA (default, seed 8)",1000000016,149,394,6520,123,10,2,0,False,0.06,"[-0.286506, -0.906471, -0.097675, 0.037566, -0.204189, -0.208758]"
"GA (default, seed 8)",1000000017,39,119,1600,35,2,0,0,False,0.02,"[-0.286506, -0.906471, -0.097675, 0.037566, -0.204189, -0.208758]"
"GA (default, seed 8)",1000000018,789,1992,36460,614,80,1,3,False,0.33,"[-0.286506, -0.906471, -0.097675, 0.037566, -0.204189, -0.208758]"
"GA (default, seed 8)",1000000019,1041,2623,44540,856,82,7,0,False,0.49,"[-0.286506, -0.906471, -0.097675, 0.037566, -0.204189, -0.208758]"
"GA (default, seed 9)",1000000000,386,985,16300,330,25,2,0,False,0.17,"[-0.838001, -0.428994, -0.181101, -0.224136, -0.044711, -0.169369]"
"GA (default, seed 9)",1000000001,231,598,9400,215,8,0,0,False,0.11,"[-0.838001, -0.428994, -0.181101, -0.224136, -0.044711, -0.169369]"
"GA (default, seed 9)",1000000002,224,581,9640,186,16,2,0,False,0.14,"[-0.838001, -0.428994, -0.181101, -0.224136, -0.044711, -0.169369]"
"GA (default, seed 9)",1000000003,386,985,16060,324,31,0,0,False,0.16,"[-0.838001, -0.428994, -0.181101, -0.224136, -0.044711, -0.169369]"
"GA (default, seed 9)",1000000004,187,489,8820,153,15,0,1,False,0.08,"[-0.838001, -0.428994, -0.181101, -0.224136, -0.044711, -0.169369]"
"GA (default, seed 9)",1000000005,36,110,1660,29,2,1,0,False,0.02,"[-0.838001, -0.428994, -0.181101, -0.224136, -0.044711, -0.169369]"
"GA (default, seed 9)",1000000006,116,311,4780,102,7,0,0,False,0.05,"[-0.838001, -0.428994, -0.181101, -0.224136, -0.044711, -0.169369]"
"GA (default, seed 9)",1000000007,340,871,14400,290,22,2,0,False,0.16,"[-0.838001, -0.428994, -0.181101, -0.224136, -0.044711, -0.169369]"
"GA (default, seed 9)",1000000008,218,565,9540,181,14,3,0,False,0.09,"[-0.838001, -0.428994, -0.181101, -0.224136, -0.044711, -0.169369]"
"GA (default, seed 9)",1000000009,119,318,5300,95,9,2,0,False,0.05,"[-0.838001, -0.428994, -0.181101, -0.224136, -0.044711, -0.169369]"
"GA (default, seed 9)",1000000010,55,158,2280,47,4,0,0,False,0.03,"[-0.838001, -0.428994, -0.181101, -0.224136, -0.044711, -0.169369]"
"GA (default, seed 9)",1000000011,64,181,2640,56,4,0,0,False,0.03,"[-0.838001, -0.428994, -0.181101, -0.224136, -0.044711, -0.169369]"
"GA (default, seed 9)",1000000012,33,104,1360,29,2,0,0,False,0.02,"[-0.838001, -0.428994, -0.181101, -0.224136, -0.044711, -0.169369]"
"GA (default, seed 9)",1000000013,116,311,4800,100,8,0,0,False,0.05,"[-0.838001, -0.428994, -0.181101, -0.224136, -0.044711, -0.169369]"
"GA (default, seed 9)",1000000014,62,175,2500,60,1,0,0,False,0.03,"[-0.838001, -0.428994, -0.181101, -0.224136, -0.044711, -0.169369]"
"GA (default, seed 9)",1000000015,50,146,2040,46,2,0,0,False,0.02,"[-0.838001, -0.428994, -0.181101, -0.224136, -0.044711, -0.169369]"
"GA (default, seed 9)",1000000016,122,325,4940,116,3,0,0,False,0.06,"[-0.838001, -0.428994, -0.181101, -0.224136, -0.044711, -0.169369]"
"GA (default, seed 9)",1000000017,142,376,6100,115,12,1,0,False,0.06,"[-0.838001, -0.428994, -0.181101, -0.224136, -0.044711, -0.169369]"
"GA (default, seed 9)",1000000018,191,497,8280,157,14,2,0,False,0.08,"[-0.838001, -0.428994, -0.181101, -0.224136, -0.044711, -0.169369]"
"GA (default, seed 9)",1000000019,107,289,4820,83,9,2,0,False,0.04,"[-0.838001, -0.428994, -0.181101, -0.224136, -0.044711, -0.169369]"
"GA (population_size=20, seed 0)",1000000000,262,675,11400,215,19,3,0,False,0.09,"[-0.972879, -0.049388, -0.111007, -0.036567, -0.00977, -0.193162]"
"GA (population_size=20, seed 0)",1000000001,19,68,820,13,3,0,0,False,0.01,"[-0.972879, -0.049388, -0.111007, -0.036567, -0.00977, -0.193162]"
"GA (population_size=20, seed 0)",1000000002,113,302,4680,97,8,0,0,False,0.06,"[-0.972879, -0.049388, -0.111007, -0.036567, -0.00977, -0.193162]"
"GA (population_size=20, seed 0)",1000000003,251,648,10460,224,12,1,0,False,0.1,"[-0.972879, -0.049388, -0.111007, -0.036567, -0.00977, -0.193162]"
"GA (population_size=20, seed 0)",1000000004,242,624,10180,207,16,1,0,False,0.13,"[-0.972879, -0.049388, -0.111007, -0.036567, -0.00977, -0.193162]"
"GA (population_size=20, seed 0)",1000000005,156,412,6400,140,8,0,0,False,0.06,"[-0.972879, -0.049388, -0.111007, -0.036567, -0.00977, -0.193162]"
"GA (population_size=20, seed 0)",1000000006,111,298,4620,93,9,0,0,False,0.05,"[-0.972879, -0.049388, -0.111007, -0.036567, -0.00977, -0.193162]"
"GA (population_size=20, seed 0)",1000000007,84,230,3480,72,6,0,0,False,0.03,"[-0.972879, -0.049388, -0.111007, -0.036567, -0.00977, -0.193162]"
"GA (population_size=20, seed 0)",1000000008,164,431,7840,136,12,0,1,False,0.06,"[-0.972879, -0.049388, -0.111007, -0.036567, -0.00977, -0.193162]"
"GA (population_size=20, seed 0)",1000000009,53,152,2380,42,4,1,0,False,0.02,"[-0.972879, -0.049388, -0.111007, -0.036567, -0.00977, -0.193162]"
"GA (population_size=20, seed 0)",1000000010,243,630,10220,208,16,1,0,False,0.12,"[-0.972879, -0.049388, -0.111007, -0.036567, -0.00977, -0.193162]"
"GA (population_size=20, seed 0)",1000000011,11,48,460,9,1,0,0,False,0.01,"[-0.972879, -0.049388, -0.111007, -0.036567, -0.00977, -0.193162]"
"GA (population_size=20, seed 0)",1000000012,201,523,8600,160,19,1,0,False,0.08,"[-0.972879, -0.049388, -0.111007, -0.036567, -0.00977, -0.193162]"
"GA (population_size=20, seed 0)",1000000013,191,498,7760,179,6,0,0,False,0.12,"[-0.972879, -0.049388, -0.111007, -0.036567, -0.00977, -0.193162]"
"GA (population_size=20, seed 0)",1000000014,81,224,3520,68,5,1,0,False,0.03,"[-0.972879, -0.049388, -0.111007, -0.036567, -0.00977, -0.193162]"
"GA (population_size=20, seed 0)",1000000015,90,246,3720,78,6,0,0,False,0.04,"[-0.972879, -0.049388, -0.111007, -0.036567, -0.00977, -0.193162]"
"GA (population_size=20, seed 0)",1000000016,372,950,15260,334,19,0,0,False,0.15,"[-0.972879, -0.049388, -0.111007, -0.036567, -0.00977, -0.193162]"
"GA (population_size=20, seed 0)",1000000017,162,426,6680,142,10,0,0,False,0.1,"[-0.972879, -0.049388, -0.111007, -0.036567, -0.00977, -0.193162]"
"GA (population_size=20, seed 0)",1000000018,97,263,3920,93,2,0,0,False,0.06,"[-0.972879, -0.049388, -0.111007, -0.036567, -0.00977, -0.193162]"
"GA (population_size=20, seed 0)",1000000019,35,108,1520,23,6,0,0,False,0.02,"[-0.972879, -0.049388, -0.111007, -0.036567, -0.00977, -0.193162]"
"GA (population_size=20, seed 1)",1000000000,295,759,12580,247,21,2,0,False,0.31,"[-0.392457, -0.84401, -0.083278, -0.139743, -0.228816, -0.234103]"
"GA (population_size=20, seed 1)",1000000001,92,252,4840,76,6,0,1,False,0.06,"[-0.392457, -0.84401, -0.083278, -0.139743, -0.228816, -0.234103]"
"GA (population_size=20, seed 1)",1000000002,103,277,4300,85,9,0,0,False,0.06,"[-0.392457, -0.84401, -0.083278, -0.139743, -0.228816, -0.234103]"
"GA (population_size=20, seed 1)",1000000003,37,114,1680,32,1,1,0,False,0.04,"[-0.392457, -0.84401, -0.083278, -0.139743, -0.228816, -0.234103]"
"GA (population_size=20, seed 1)",1000000004,57,163,2340,51,3,0,0,False,0.09,"[-0.392457, -0.84401, -0.083278, -0.139743, -0.228816, -0.234103]"
"GA (population_size=20, seed 1)",1000000005,68,190,2820,58,5,0,0,False,0.05,"[-0.392457, -0.84401, -0.083278, -0.139743, -0.228816, -0.234103]"
"GA (population_size=20, seed 1)",1000000006,193,503,8220,158,16,1,0,False,0.11,"[-0.392457, -0.84401, -0.083278, -0.139743, -0.228816, -0.234103]"
"GA (population_size=20, seed 1)",1000000007,209,544,9340,171,13,4,0,False,0.12,"[-0.392457, -0.84401, -0.083278, -0.139743, -0.228816, -0.234103]"
"GA (population_size=20, seed 1)",1000000008,54,156,2380,47,2,1,0,False,0.04,"[-0.392457, -0.84401, -0.083278, -0.139743, -0.228816, -0.234103]"
"GA (population_size=20, seed 1)",1000000009,73,204,2980,67,3,0,0,False,0.04,"[-0.392457, -0.84401, -0.083278, -0.139743, -0.228816, -0.234103]"
"GA (population_size=20, seed 1)",1000000010,71,198,2960,59,6,0,0,False,0.05,"[-0.392457, -0.84401, -0.083278, -0.139743, -0.228816, -0.234103]"
"GA (population_size=20, seed 1)",1000000011,71,199,3180,52,8,1,0,False,0.05,"[-0.392457, -0.84401, -0.083278, -0.139743, -0.228816, -0.234103]"
"GA (population_size=20, seed 1)",1000000012,90,247,3800,70,10,0,0,False,0.05,"[-0.392457, -0.84401, -0.083278, -0.139743, -0.228816, -0.234103]"
"GA (population_size=20, seed 1)",1000000013,191,498,8440,156,13,3,0,False,0.09,"[-0.392457, -0.84401, -0.083278, -0.139743, -0.228816, -0.234103]"
"GA (population_size=20, seed 1)",1000000014,77,213,3360,64,5,1,0,False,0.04,"[-0.392457, -0.84401, -0.083278, -0.139743, -0.228816, -0.234103]"
"GA (population_size=20, seed 1)",1000000015,150,396,6380,127,10,1,0,False,0.06,"[-0.392457, -0.84401, -0.083278, -0.139743, -0.228816, -0.234103]"
"GA (population_size=20, seed 1)",1000000016,75,209,4360,54,7,1,1,False,0.03,"[-0.392457, -0.84401, -0.083278, -0.139743, -0.228816, -0.234103]"
"GA (population_size=20, seed 1)",1000000017,39,119,1600,35,2,0,0,False,0.02,"[-0.392457, -0.84401, -0.083278, -0.139743, -0.228816, -0.234103]"
"GA (population_size=20, seed 1)",1000000018,124,332,5200,100,12,0,0,False,0.06,"[-0.392457, -0.84401, -0.083278, -0.139743, -0.228816, -0.234103]"
"GA (population_size=20, seed 1)",1000000019,319,819,13400,270,23,1,0,False,0.16,"[-0.392457, -0.84401, -0.083278, -0.139743, -0.228816, -0.234103]"
"GA (population_size=20, seed 2)",1000000000,28,90,1160,24,2,0,0,False,0.02,"[-0.405363, -0.681515, -0.029921, -0.362268, -0.395528, -0.287475]"
"GA (population_size=20, seed 2)",1000000001,205,533,8740,166,18,1,0,False,0.1,"[-0.405363, -0.681515, -0.029921, -0.362268, -0.395528, -0.287475]"
"GA (population_size=20, seed 2)",1000000002,165,433,6820,143,11,0,0,False,0.08,"[-0.405363, -0.681515, -0.029921, -0.362268, -0.395528, -0.287475]"
"GA (population_size=20, seed 2)",1000000003,35,109,1440,31,2,0,0,False,0.02,"[-0.405363, -0.681515, -0.029921, -0.362268, -0.395528, -0.287475]"
"GA (population_size=20, seed 2)",1000000004,149,394,6560,119,12,2,0,False,0.06,"[-0.405363, -0.681515, -0.029921, -0.362268, -0.395528, -0.287475]"
"GA (population_size=20, seed 2)",1000000005,378,966,15700,320,29,0,0,False,0.17,"[-0.405363, -0.681515, -0.029921, -0.362268, -0.395528, -0.287475]"
"GA (population_size=20, seed 2)",1000000006,215,558,11360,169,16,2,2,False,0.09,"[-0.405363, -0.681515, -0.029921, -0.362268, -0.395528, -0.287475]"
"GA (population_size=20, seed 2)",1000000007,136,361,5800,115,9,1,0,False,0.05,"[-0.405363, -0.681515, -0.029921, -0.362268, -0.395528, -0.287475]"
"GA (population_size=20, seed 2)",1000000008,58,167,2400,50,4,0,0,False,0.02,"[-0.405363, -0.681515, -0.029921, -0.362268, -0.395528, -0.287475]"
"GA (population_size=20, seed 2)",1000000009,16,61,640,16,0,0,0,False,0.01,"[-0.405363, -0.681515, -0.029921, -0.362268, -0.395528, -0.287475]"
"GA (population_size=20, seed 2)",1000000010,56,162,2320,48,4,0,0,False,0.03,"[-0.405363, -0.681515, -0.029921, -0.362268, -0.395528, -0.287475]"
"GA (population_size=20, seed 2)",1000000011,257,663,10740,211,23,0,0,False,0.1,"[-0.405363, -0.681515, -0.029921, -0.362268, -0.395528, -0.287475]"
"GA (population_size=20, seed 2)",1000000012,38,115,1800,25,5,1,0,False,0.02,"[-0.405363, -0.681515, -0.029921, -0.362268, -0.395528, -0.287475]"
"GA (population_size=20, seed 2)",1000000013,84,231,3520,68,8,0,0,False,0.04,"[-0.405363, -0.681515, -0.029921, -0.362268, -0.395528, -0.287475]"
"GA (population_size=20, seed 2)",1000000014,68,191,2840,56,6,0,0,False,0.04,"[-0.405363, -0.681515, -0.029921, -0.362268, -0.395528, -0.287475]"
"GA (population_size=20, seed 2)",1000000015,105,283,4540,86,8,1,0,False,0.04,"[-0.405363, -0.681515, -0.029921, -0.362268, -0.395528, -0.287475]"
"GA (population_size=20, seed 2)",1000000016,182,476,8760,149,13,1,1,False,0.08,"[-0.405363, -0.681515, -0.029921, -0.362268, -0.395528, -0.287475]"
"GA (population_size=20, seed 2)",1000000017,144,381,6440,121,7,3,0,False,0.06,"[-0.405363, -0.681515, -0.029921, -0.362268, -0.395528, -0.287475]"
"GA (population_size=20, seed 2)",1000000018,63,179,2600,55,4,0,0,False,0.03,"[-0.405363, -0.681515, -0.029921, -0.362268, -0.395528, -0.287475]"
"GA (population_size=20, seed 2)",1000000019,339,868,14800,275,26,4,0,False,0.14,"[-0.405363, -0.681515, -0.029921, -0.362268, -0.395528, -0.287475]"
"GA (population_size=20, seed 3)",1000000000,49,143,2060,39,5,0,0,False,0.02,"[-0.952677, -0.101496, -0.087367, 0.186786, -0.102509, -0.170512]"
"GA (population_size=20, seed 3)",1000000001,239,618,9860,209,15,0,0,False,0.11,"[-0.952677, -0.101496, -0.087367, 0.186786, -0.102509, -0.170512]"
"GA (population_size=20, seed 3)",1000000002,118,316,5360,84,14,2,0,False,0.07,"[-0.952677, -0.101496, -0.087367, 0.186786, -0.102509, -0.170512]"
"GA (population_size=20, seed 3)",1000000003,240,621,9920,208,16,0,0,False,0.13,"[-0.952677, -0.101496, -0.087367, 0.186786, -0.102509, -0.170512]"
"GA (population_size=20, seed 3)",1000000004,158,416,6900,130,11,2,0,False,0.08,"[-0.952677, -0.101496, -0.087367, 0.186786, -0.102509, -0.170512]"
"GA (population_size=20, seed 3)",1000000005,152,400,6400,135,7,1,0,False,0.07,"[-0.952677, -0.101496, -0.087367, 0.186786, -0.102509, -0.170512]"
"GA (population_size=20, seed 3)",1000000006,109,293,4480,97,6,0,0,False,0.05,"[-0.952677, -0.101496, -0.087367, 0.186786, -0.102509, -0.170512]"
"GA (population_size=20, seed 3)",1000000007,53,153,2220,43,5,0,0,False,0.02,"[-0.952677, -0.101496, -0.087367, 0.186786, -0.102509, -0.170512]"
"GA (population_size=20, seed 3)",1000000008,62,176,3800,45,5,1,1,False,0.06,"[-0.952677, -0.101496, -0.087367, 0.186786, -0.102509, -0.170512]"
"GA (population_size=20, seed 3)",1000000009,45,133,1800,45,0,0,0,False,0.02,"[-0.952677, -0.101496, -0.087367, 0.186786, -0.102509, -0.170512]"
"GA (population_size=20, seed 3)",1000000010,42,125,1900,35,2,1,0,False,0.02,"[-0.952677, -0.101496, -0.087367, 0.186786, -0.102509, -0.170512]"
"GA (population_size=20, seed 3)",1000000011,53,153,2460,34,8,1,0,False,0.03,"[-0.952677, -0.101496, -0.087367, 0.186786, -0.102509, -0.170512]"
"GA (population_size=20, seed 3)",1000000012,90,246,3780,72,9,0,0,False,0.05,"[-0.952677, -0.101496, -0.087367, 0.186786, -0.102509, -0.170512]"
"GA (population_size=20, seed 3)",1000000013,254,656,10620,208,23,0,0,False,0.14,"[-0.952677, -0.101496, -0.087367, 0.186786, -0.102509, -0.170512]"
"GA (population_size=20, seed 3)",1000000014,22,76,940,16,3,0,0,False,0.02,"[-0.952677, -0.101496, -0.087367, 0.186786, -0.102509, -0.170512]"
"GA (population_size=20, seed 3)",1000000015,63,177,2820,48,6,1,0,False,0.04,"[-0.952677, -0.101496, -0.087367, 0.186786, -0.102509, -0.170512]"
"GA (population_size=20, seed 3)",1000000016,237,613,9980,187,25,0,0,False,0.14,"[-0.952677, -0.101496, -0.087367, 0.186786, -0.102509, -0.170512]"
"GA (population_size=20, seed 3)",1000000017,114,306,4760,94,10,0,0,False,0.05,"[-0.952677, -0.101496, -0.087367, 0.186786, -0.102509, -0.170512]"
"GA (population_size=20, seed 3)",1000000018,224,580,10600,190,12,2,1,False,0.08,"[-0.952677, -0.101496, -0.087367, 0.186786, -0.102509, -0.170512]"
"GA (population_size=20, seed 3)",1000000019,20,70,820,18,1,0,0,False,0.01,"[-0.952677, -0.101496, -0.087367, 0.186786, -0.102509, -0.170512]"
"GA (population_size=20, seed 4)",1000000000,137,364,6020,113,9,2,0,False,0.09,"[-0.591437, -0.671213, -0.159299, -0.3995, -0.066823, -0.101156]"
"GA (population_size=20, seed 4)",1000000001,121,323,5400,95,10,2,0,False,0.05,"[-0.591437, -0.671213, -0.159299, -0.3995, -0.066823, -0.101156]"
"GA (population_size=20, seed 4)",1000000002,127,338,5620,103,9,2,0,False,0.05,"[-0.591437, -0.671213, -0.159299, -0.3995, -0.066823, -0.101156]"
"GA (population_size=20, seed 4)",1000000003,72,201,3020,58,7,0,0,False,0.05,"[-0.591437, -0.671213, -0.159299, -0.3995, -0.066823, -0.101156]"
"GA (population_size=20, seed 4)",1000000004,201,523,8800,155,20,2,0,False,0.09,"[-0.591437, -0.671213, -0.159299, -0.3995, -0.066823, -0.101156]"
"GA (population_size=20, seed 4)",1000000005,70,195,3120,53,7,1,0,False,0.05,"[-0.591437, -0.671213, -0.159299, -0.3995, -0.066823, -0.101156]"
"GA (population_size=20, seed 4)",1000000006,61,173,2680,52,3,1,0,False,0.07,"[-0.591437, -0.671213, -0.159299, -0.3995, -0.066823, -0.101156]"
"GA (population_size=20, seed 4)",1000000007,161,424,7380,127,11,4,0,False,0.08,"[-0.591437, -0.671213, -0.159299, -0.3995, -0.066823, -0.101156]"
"GA (population_size=20, seed 4)",1000000008,130,345,5740,106,9,2,0,False,0.09,"[-0.591437, -0.671213, -0.159299, -0.3995, -0.066823, -0.101156]"
"GA (population_size=20, seed 4)",1000000009,72,200,3300,60,3,2,0,False,0.03,"[-0.591437, -0.671213, -0.159299, -0.3995, -0.066823, -0.101156]"
"GA (population_size=20, seed 4)",1000000010,410,1045,18120,328,32,6,0,False,0.25,"[-0.591437, -0.671213, -0.159299, -0.3995, -0.066823, -0.101156]"
"GA (population_size=20, seed 4)",1000000011,368,941,15300,310,29,0,0,False,0.21,"[-0.591437, -0.671213, -0.159299, -0.3995, -0.066823, -0.101156]"
"GA (population_size=20, seed 4)",1000000012,73,202,3200,60,5,1,0,False,0.04,"[-0.591437, -0.671213, -0.159299, -0.3995, -0.066823, -0.101156]"
"GA (population_size=20, seed 4)",1000000013,69,193,2820,63,3,0,0,False,0.04,"[-0.591437, -0.671213, -0.159299, -0.3995, -0.066823, -0.101156]"
"GA (population_size=20, seed 4)",1000000014,683,1728,29940,541,59,8,0,False,0.33,"[-0.591437, -0.671213, -0.159299, -0.3995, -0.066823, -0.101156]"
"GA (population_size=20, seed 4)",1000000015,68,190,3000,55,5,1,0,False,0.04,"[-0.591437, -0.671213, -0.159299, -0.3995, -0.066823, -0.101156]"
"GA (population_size=20, seed 4)",1000000016,71,197,3100,60,4,1,0,False,0.05,"[-0.591437, -0.671213, -0.159299, -0.3995, -0.066823, -0.101156]"
"GA (population_size=20, seed 4)",1000000017,360,920,15100,290,35,0,0,False,0.19,"[-0.591437, -0.671213, -0.159299, -0.3995, -0.066823, -0.101156]"
"GA (population_size=20, seed 4)",1000000018,202,526,8740,166,15,2,0,False,0.11,"[-0.591437, -0.671213, -0.159299, -0.3995, -0.066823, -0.101156]"
"GA (population_size=20, seed 4)",1000000019,355,908,15380,297,23,4,0,False,0.15,"[-0.591437, -0.671213, -0.159299, -0.3995, -0.066823, -0.101156]"
"GA (population_size=20, seed 5)",1000000000,355,909,15040,301,24,2,0,False,0.17,"[-0.73583, -0.602279, -0.198055, 0.189366, -0.008795, -0.143703]"
"GA (population_size=20, seed 5)",1000000001,231,598,9400,215,8,0,0,False,0.12,"[-0.73583, -0.602279, -0.198055, 0.189366, -0.008795, -0.143703]"
"GA (population_size=20, seed 5)",1000000002,267,687,11380,227,17,2,0,False,0.13,"[-0.73583, -0.602279, -0.198055, 0.189366, -0.008795, -0.143703]"
"GA (population_size=20, seed 5)",1000000003,90,245,3720,78,6,0,0,False,0.04,"[-0.73583, -0.602279, -0.198055, 0.189366, -0.008795, -0.143703]"
"GA (population_size=20, seed 5)",1000000004,187,489,8820,153,15,0,1,False,0.07,"[-0.73583, -0.602279, -0.198055, 0.189366, -0.008795, -0.143703]"
"GA (population_size=20, seed 5)",1000000005,36,110,1660,29,2,1,0,False,0.03,"[-0.73583, -0.602279, -0.198055, 0.189366, -0.008795, -0.143703]"
"GA (population_size=20, seed 5)",1000000006,116,311,4780,102,7,0,0,False,0.05,"[-0.73583, -0.602279, -0.198055, 0.189366, -0.008795, -0.143703]"
"GA (population_size=20, seed 5)",1000000007,35,108,1480,27,4,0,0,False,0.02,"[-0.73583, -0.602279, -0.198055, 0.189366, -0.008795, -0.143703]"
"GA (population_size=20, seed 5)",1000000008,218,565,9540,181,14,3,0,False,0.11,"[-0.73583, -0.602279, -0.198055, 0.189366, -0.008795, -0.143703]"
"GA (population_size=20, seed 5)",1000000009,119,318,5300,95,9,2,0,False,0.05,"[-0.73583, -0.602279, -0.198055, 0.189366, -0.008795, -0.143703]"
"GA (population_size=20, seed 5)",1000000010,35,109,1440,31,2,0,0,False,0.02,"[-0.73583, -0.602279, -0.198055, 0.189366, -0.008795, -0.143703]"
"GA (population_size=20, seed 5)",1000000011,64,181,2640,56,4,0,0,False,0.03,"[-0.73583, -0.602279, -0.198055, 0.189366, -0.008795, -0.143703]"
"GA (population_size=20, seed 5)",1000000012,33,104,1360,29,2,0,0,False,0.02,"[-0.73583, -0.602279, -0.198055, 0.189366, -0.008795, -0.143703]"
"GA (population_size=20, seed 5)",1000000013,235,608,10440,191,16,4,0,False,0.1,"[-0.73583, -0.602279, -0.198055, 0.189366, -0.008795, -0.143703]"
"GA (population_size=20, seed 5)",1000000014,681,1724,29360,584,45,1,1,False,0.3,"[-0.73583, -0.602279, -0.198055, 0.189366, -0.008795, -0.143703]"
"GA (population_size=20, seed 5)",1000000015,48,141,1960,44,2,0,0,False,0.03,"[-0.73583, -0.602279, -0.198055, 0.189366, -0.008795, -0.143703]"
"GA (population_size=20, seed 5)",1000000016,541,1373,24160,449,38,4,1,False,0.28,"[-0.73583, -0.602279, -0.198055, 0.189366, -0.008795, -0.143703]"
"GA (population_size=20, seed 5)",1000000017,142,376,6100,115,12,1,0,False,0.06,"[-0.73583, -0.602279, -0.198055, 0.189366, -0.008795, -0.143703]"
"GA (population_size=20, seed 5)",1000000018,191,497,8280,157,14,2,0,False,0.08,"[-0.73583, -0.602279, -0.198055, 0.189366, -0.008795, -0.143703]"
"GA (population_size=20, seed 5)",1000000019,293,752,12560,239,24,2,0,False,0.12,"[-0.73583, -0.602279, -0.198055, 0.189366, -0.008795, -0.143703]"
"GA (population_size=20, seed 6)",1000000000,435,1108,18480,357,36,2,0,False,0.17,"[-0.771387, -0.520381, -0.145395, 0.297264, -0.082746, -0.133464]"
"GA (population_size=20, seed 6)",1000000001,252,650,11020,203,20,3,0,False,0.1,"[-0.771387, -0.520381, -0.145395, 0.297264, -0.082746, -0.133464]"
"GA (population_size=20, seed 6)",1000000002,79,219,3400,70,3,1,0,False,0.03,"[-0.771387, -0.520381, -0.145395, 0.297264, -0.082746, -0.133464]"
"GA (population_size=20, seed 6)",1000000003,364,932,15240,311,25,1,0,False,0.14,"[-0.771387, -0.520381, -0.145395, 0.297264, -0.082746, -0.133464]"
"GA (population_size=20, seed 6)",1000000004,190,495,8100,155,16,1,0,False,0.07,"[-0.771387, -0.520381, -0.145395, 0.297264, -0.082746, -0.133464]"
"GA (population_size=20, seed 6)",1000000005,70,195,3120,53,7,1,0,False,0.03,"[-0.771387, -0.520381, -0.145395, 0.297264, -0.082746, -0.133464]"
"GA (population_size=20, seed 6)",1000000006,45,133,1840,41,2,0,0,False,0.02,"[-0.771387, -0.520381, -0.145395, 0.297264, -0.082746, -0.133464]"
"GA (population_size=20, seed 6)",1000000007,350,896,14660,284,33,0,0,False,0.14,"[-0.771387, -0.520381, -0.145395, 0.297264, -0.082746, -0.133464]"
"GA (population_size=20, seed 6)",1000000008,64,180,2780,57,2,1,0,False,0.02,"[-0.771387, -0.520381, -0.145395, 0.297264, -0.082746, -0.133464]"
"GA (population_size=20, seed 6)",1000000009,64,181,2780,57,2,1,0,False,0.02,"[-0.771387, -0.520381, -0.145395, 0.297264, -0.082746, -0.133464]"
"GA (population_size=20, seed 6)",1000000010,33,103,1400,25,4,0,0,False,0.02,"[-0.771387, -0.520381, -0.145395, 0.297264, -0.082746, -0.133464]"
"GA (population_size=20, seed 6)",1000000011,83,229,3420,73,5,0,0,False,0.04,"[-0.771387, -0.520381, -0.145395, 0.297264, -0.082746, -0.133464]"
"GA (population_size=20, seed 6)",1000000012,73,202,3200,60,5,1,0,False,0.03,"[-0.771387, -0.520381, -0.145395, 0.297264, -0.082746, -0.133464]"
"GA (population_size=20, seed 6)",1000000013,194,506,8520,163,11,3,0,False,0.09,"[-0.771387, -0.520381, -0.145395, 0.297264, -0.082746, -0.133464]"
"GA (population_size=20, seed 6)",1000000014,153,400,6640,116,17,1,0,False,0.06,"[-0.771387, -0.520381, -0.145395, 0.297264, -0.082746, -0.133464]"
"GA (population_size=20, seed 6)",1000000015,67,187,2960,54,5,1,0,False,0.03,"[-0.771387, -0.520381, -0.145395, 0.297264, -0.082746, -0.133464]"
"GA (population_size=20, seed 6)",1000000016,133,353,5800,115,6,2,0,False,0.09,"[-0.771387, -0.520381, -0.145395, 0.297264, -0.082746, -0.133464]"
"GA (population_size=20, seed 6)",1000000017,96,261,3920,88,4,0,0,False,0.04,"[-0.771387, -0.520381, -0.145395, 0.297264, -0.082746, -0.133464]"
"GA (population_size=20, seed 6)",1000000018,123,328,5420,103,7,2,0,False,0.05,"[-0.771387, -0.520381, -0.145395, 0.297264, -0.082746, -0.133464]"
"GA (population_size=20, seed 6)",1000000019,30,97,1280,22,4,0,0,False,0.05,"[-0.771387, -0.520381, -0.145395, 0.297264, -0.082746, -0.133464]"
"GA (population_size=20, seed 7)",1000000000,59,167,2420,53,3,0,0,False,0.03,"[-0.782457, -0.455566, -0.181307, 0.228912, -0.262259, -0.161764]"
"GA (population_size=20, seed 7)",1000000001,81,223,3480,72,3,1,0,False,0.04,"[-0.782457, -0.455566, -0.181307, 0.228912, -0.262259, -0.161764]"
"GA (population_size=20, seed 7)",1000000002,165,433,6780,147,9,0,0,False,0.15,"[-0.782457, -0.455566, -0.181307, 0.228912, -0.262259, -0.161764]"
"GA (population_size=20, seed 7)",1000000003,365,933,15520,303,28,2,0,False,0.22,"[-0.782457, -0.455566, -0.181307, 0.228912, -0.262259, -0.161764]"
"GA (population_size=20, seed 7)",1000000004,165,434,6960,144,9,1,0,False,0.07,"[-0.782457, -0.455566, -0.181307, 0.228912, -0.262259, -0.161764]"
"GA (population_size=20, seed 7)",1000000005,46,137,2080,37,3,1,0,False,0.02,"[-0.782457, -0.455566, -0.181307, 0.228912, -0.262259, -0.161764]"
"GA (population_size=20, seed 7)",1000000006,80,220,3860,59,6,3,0,False,0.04,"[-0.782457, -0.455566, -0.181307, 0.228912, -0.262259, -0.161764]"
"GA (population_size=20, seed 7)",1000000007,201,523,8560,164,17,1,0,False,0.09,"[-0.782457, -0.455566, -0.181307, 0.228912, -0.262259, -0.161764]"
"GA (population_size=20, seed 7)",1000000008,63,179,2600,55,4,0,0,False,0.03,"[-0.782457, -0.455566, -0.181307, 0.228912, -0.262259, -0.161764]"
"GA (population_size=20, seed 7)",1000000009,49,143,2060,39,5,0,0,False,0.02,"[-0.782457, -0.455566, -0.181307, 0.228912, -0.262259, -0.161764]"
"GA (population_size=20, seed 7)",1000000010,330,845,14320,263,29,3,0,False,0.13,"[-0.782457, -0.455566, -0.181307, 0.228912, -0.262259, -0.161764]"
"GA (population_size=20, seed 7)",1000000011,261,674,10820,223,19,0,0,False,0.13,"[-0.782457, -0.455566, -0.181307, 0.228912, -0.262259, -0.161764]"
"GA (population_size=20, seed 7)",1000000012,218,567,9240,181,17,1,0,False,0.1,"[-0.782457, -0.455566, -0.181307, 0.228912, -0.262259, -0.161764]"
"GA (population_size=20, seed 7)",1000000013,100,271,4140,86,7,0,0,False,0.06,"[-0.782457, -0.455566, -0.181307, 0.228912, -0.262259, -0.161764]"
"GA (population_size=20, seed 7)",1000000014,165,434,6840,141,12,0,0,False,0.07,"[-0.782457, -0.455566, -0.181307, 0.228912, -0.262259, -0.161764]"
"GA (population_size=20, seed 7)",1000000015,126,335,5260,104,11,0,0,False,0.05,"[-0.782457, -0.455566, -0.181307, 0.228912, -0.262259, -0.161764]"
"GA (population_size=20, seed 7)",1000000016,249,644,11060,199,19,4,0,False,0.09,"[-0.782457, -0.455566, -0.181307, 0.228912, -0.262259, -0.161764]"
"GA (population_size=20, seed 7)",1000000017,88,241,3660,74,7,0,0,False,0.03,"[-0.782457, -0.455566, -0.181307, 0.228912, -0.262259, -0.161764]"
"GA (population_size=20, seed 7)",1000000018,145,382,6080,117,14,0,0,False,0.06,"[-0.782457, -0.455566, -0.181307, 0.228912, -0.262259, -0.161764]"
"GA (population_size=20, seed 7)",1000000019,234,606,9780,207,12,1,0,False,0.12,"[-0.782457, -0.455566, -0.181307, 0.228912, -0.262259, -0.161764]"
"GA (population_size=20, seed 8)",1000000000,94,256,4080,77,7,1,0,False,0.05,"[-0.255663, -0.928746, -0.144724, 0.149333, -0.126653, -0.113055]"
"GA (population_size=20, seed 8)",1000000001,20,70,840,16,2,0,0,False,0.01,"[-0.255663, -0.928746, -0.144724, 0.149333, -0.126653, -0.113055]"
"GA (population_size=20, seed 8)",1000000002,97,263,4040,81,8,0,0,False,0.06,"[-0.255663, -0.928746, -0.144724, 0.149333, -0.126653, -0.113055]"
"GA (population_size=20, seed 8)",1000000003,58,165,2340,56,1,0,0,False,0.03,"[-0.255663, -0.928746, -0.144724, 0.149333, -0.126653, -0.113055]"
"GA (population_size=20, seed 8)",1000000004,204,529,8720,163,19,1,0,False,0.11,"[-0.255663, -0.928746, -0.144724, 0.149333, -0.126653, -0.113055]"
"GA (population_size=20, seed 8)",1000000005,224,581,10700,180,17,2,1,False,0.09,"[-0.255663, -0.928746, -0.144724, 0.149333, -0.126653, -0.113055]"
"GA (population_size=20, seed 8)",1000000006,277,711,12080,207,32,2,0,False,0.13,"[-0.255663, -0.928746, -0.144724, 0.149333, -0.126653, -0.113055]"
"GA (population_size=20, seed 8)",1000000007,119,318,5120,98,9,1,0,False,0.05,"[-0.255663, -0.928746, -0.144724, 0.149333, -0.126653, -0.113055]"
"GA (population_size=20, seed 8)",1000000008,76,210,3160,64,6,0,0,False,0.05,"[-0.255663, -0.928746, -0.144724, 0.149333, -0.126653, -0.113055]"
"GA (population_size=20, seed 8)",1000000009,52,149,2340,41,4,1,0,False,0.02,"[-0.255663, -0.928746, -0.144724, 0.149333, -0.126653, -0.113055]"
"GA (population_size=20, seed 8)",1000000010,220,570,9720,173,19,3,0,False,0.14,"[-0.255663, -0.928746, -0.144724, 0.149333, -0.126653, -0.113055]"
"GA (population_size=20, seed 8)",1000000011,52,151,2340,41,4,1,0,False,0.03,"[-0.255663, -0.928746, -0.144724, 0.149333, -0.126653, -0.113055]"
"GA (population_size=20, seed 8)",1000000012,142,376,6140,111,14,1,0,False,0.06,"[-0.255663, -0.928746, -0.144724, 0.149333, -0.126653, -0.113055]"
"GA (population_size=20, seed 8)",1000000013,188,491,8940,161,10,1,1,False,0.08,"[-0.255663, -0.928746, -0.144724, 0.149333, -0.126653, -0.113055]"
"GA (population_size=20, seed 8)",1000000014,278,715,12100,225,22,3,0,False,0.12,"[-0.255663, -0.928746, -0.144724, 0.149333, -0.126653, -0.113055]"
"GA (population_size=20, seed 8)",1000000015,143,378,7060,109,15,0,1,False,0.06,"[-0.255663, -0.928746, -0.144724, 0.149333, -0.126653, -0.113055]"
"GA (population_size=20, seed 8)",1000000016,57,163,2320,53,2,0,0,False,0.03,"[-0.255663, -0.928746, -0.144724, 0.149333, -0.126653, -0.113055]"
"GA (population_size=20, seed 8)",1000000017,120,321,5120,103,7,1,0,False,0.06,"[-0.255663, -0.928746, -0.144724, 0.149333, -0.126653, -0.113055]"
"GA (population_size=20, seed 8)",1000000018,142,375,6420,113,10,3,0,False,0.06,"[-0.255663, -0.928746, -0.144724, 0.149333, -0.126653, -0.113055]"
"GA (population_size=20, seed 8)",1000000019,171,449,7160,154,7,1,0,False,0.09,"[-0.255663, -0.928746, -0.144724, 0.149333, -0.126653, -0.113055]"
"GA (population_size=20, seed 9)",1000000000,166,436,6800,150,8,0,0,False,0.07,"[-0.633698, -0.432635, -0.103936, 0.495554, -0.248287, -0.305337]"
"GA (population_size=20, seed 9)",1000000001,240,622,10040,211,13,1,0,False,0.11,"[-0.633698, -0.432635, -0.103936, 0.495554, -0.248287, -0.305337]"
"GA (population_size=20, seed 9)",1000000002,89,242,3580,87,1,0,0,False,0.04,"[-0.633698, -0.432635, -0.103936, 0.495554, -0.248287, -0.305337]"
"GA (population_size=20, seed 9)",1000000003,179,468,7420,153,13,0,0,False,0.1,"[-0.633698, -0.432635, -0.103936, 0.495554, -0.248287, -0.305337]"
"GA (population_size=20, seed 9)",1000000004,78,216,3220,68,5,0,0,False,0.03,"[-0.633698, -0.432635, -0.103936, 0.495554, -0.248287, -0.305337]"
"GA (population_size=20, seed 9)",1000000005,181,474,7660,154,12,1,0,False,0.09,"[-0.633698, -0.432635, -0.103936, 0.495554, -0.248287, -0.305337]"
"GA (population_size=20, seed 9)",1000000006,56,160,2300,50,3,0,0,False,0.02,"[-0.633698, -0.432635, -0.103936, 0.495554, -0.248287, -0.305337]"
"GA (population_size=20, seed 9)",1000000007,108,290,4440,96,6,0,0,False,0.05,"[-0.633698, -0.432635, -0.103936, 0.495554, -0.248287, -0.305337]"
"GA (population_size=20, seed 9)",1000000008,23,79,940,21,1,0,0,False,0.01,"[-0.633698, -0.432635, -0.103936, 0.495554, -0.248287, -0.305337]"
"GA (population_size=20, seed 9)",1000000009,182,476,7960,159,7,3,0,False,0.1,"[-0.633698, -0.432635, -0.103936, 0.495554, -0.248287, -0.305337]"
"GA (population_size=20, seed 9)",1000000010,328,841,13820,273,26,1,0,False,0.14,"[-0.633698, -0.432635, -0.103936, 0.495554, -0.248287, -0.305337]"
"GA (population_size=20, seed 9)",1000000011,48,141,2140,41,2,1,0,False,0.05,"[-0.633698, -0.432635, -0.103936, 0.495554, -0.248287, -0.305337]"
"GA (population_size=20, seed 9)",1000000012,190,496,7980,167,10,1,0,False,0.1,"[-0.633698, -0.432635, -0.103936, 0.495554, -0.248287, -0.305337]"
"GA (population_size=20, seed 9)",1000000013,58,166,2400,50,4,0,0,False,0.05,"[-0.633698, -0.432635, -0.103936, 0.495554, -0.248287, -0.305337]"
"GA (population_size=20, seed 9)",1000000014,335,857,14100,280,26,1,0,False,0.16,"[-0.633698, -0.432635, -0.103936, 0.495554, -0.248287, -0.305337]"
"GA (population_size=20, seed 9)",1000000015,196,510,8160,164,16,0,0,False,0.08,"[-0.633698, -0.432635, -0.103936, 0.495554, -0.248287, -0.305337]"
"GA (population_size=20, seed 9)",1000000016,172,452,7060,154,9,0,0,False,0.07,"[-0.633698, -0.432635, -0.103936, 0.495554, -0.248287, -0.305337]"
"GA (population_size=20, seed 9)",1000000017,98,266,4220,83,6,1,0,False,0.06,"[-0.633698, -0.432635, -0.103936, 0.495554, -0.248287, -0.305337]"
"GA (population_size=20, seed 9)",1000000018,201,524,8520,168,15,1,0,False,0.08,"[-0.633698, -0.432635, -0.103936, 0.495554, -0.248287, -0.305337]"
"GA (population_size=20, seed 9)",1000000019,37,113,1560,29,4,0,0,False,0.02,"[-0.633698, -0.432635, -0.103936, 0.495554, -0.248287, -0.305337]"
"GA (population_size=100, seed 0)",1000000000,383,978,17220,323,25,2,1,False,0.15,"[-0.780882, -0.432297, -0.137612, 0.168488, -0.263537, -0.294221]"
"GA (population_size=100, seed 0)",1000000001,148,391,6440,126,8,2,0,False,0.06,"[-0.780882, -0.432297, -0.137612, 0.168488, -0.263537, -0.294221]"
"GA (population_size=100, seed 0)",1000000002,92,251,3760,84,4,0,0,False,0.04,"[-0.780882, -0.432297, -0.137612, 0.168488, -0.263537, -0.294221]"
"GA (population_size=100, seed 0)",1000000003,133,352,5500,115,9,0,0,False,0.06,"[-0.780882, -0.432297, -0.137612, 0.168488, -0.263537, -0.294221]"
"GA (population_size=100, seed 0)",1000000004,275,709,11620,228,22,1,0,False,0.1,"[-0.780882, -0.432297, -0.137612, 0.168488, -0.263537, -0.294221]"
"GA (population_size=100, seed 0)",1000000005,425,1084,18340,351,31,4,0,False,0.17,"[-0.780882, -0.432297, -0.137612, 0.168488, -0.263537, -0.294221]"
"GA (population_size=100, seed 0)",1000000006,366,935,15080,322,22,0,0,False,0.14,"[-0.780882, -0.432297, -0.137612, 0.168488, -0.263537, -0.294221]"
"GA (population_size=100, seed 0)",1000000007,150,396,6280,122,14,0,0,False,0.06,"[-0.780882, -0.432297, -0.137612, 0.168488, -0.263537, -0.294221]"
"GA (population_size=100, seed 0)",1000000008,194,506,8060,179,6,1,0,False,0.07,"[-0.780882, -0.432297, -0.137612, 0.168488, -0.263537, -0.294221]"
"GA (population_size=100, seed 0)",1000000009,49,144,2020,43,3,0,0,False,0.02,"[-0.780882, -0.432297, -0.137612, 0.168488, -0.263537, -0.294221]"
"GA (population_size=100, seed 0)",1000000010,249,643,10500,210,18,1,0,False,0.09,"[-0.780882, -0.432297, -0.137612, 0.168488, -0.263537, -0.294221]"
"GA (population_size=100, seed 0)",1000000011,88,240,3780,77,4,1,0,False,0.04,"[-0.780882, -0.432297, -0.137612, 0.168488, -0.263537, -0.294221]"
"GA (population_size=100, seed 0)",1000000012,171,448,7080,147,12,0,0,False,0.08,"[-0.780882, -0.432297, -0.137612, 0.168488, -0.263537, -0.294221]"
"GA (population_size=100, seed 0)",1000000013,26,87,1060,24,1,0,0,False,0.01,"[-0.780882, -0.432297, -0.137612, 0.168488, -0.263537, -0.294221]"
"GA (population_size=100, seed 0)",1000000014,56,160,2240,56,0,0,0,False,0.02,"[-0.780882, -0.432297, -0.137612, 0.168488, -0.263537, -0.294221]"
"GA (population_size=100, seed 0)",1000000015,295,758,12240,251,22,0,0,False,0.16,"[-0.780882, -0.432297, -0.137612, 0.168488, -0.263537, -0.294221]"
"GA (population_size=100, seed 0)",1000000016,31,98,1280,27,2,0,0,False,0.01,"[-0.780882, -0.432297, -0.137612, 0.168488, -0.263537, -0.294221]"
"GA (population_size=100, seed 0)",1000000017,127,339,5300,105,11,0,0,False,0.05,"[-0.780882, -0.432297, -0.137612, 0.168488, -0.263537, -0.294221]"
"GA (population_size=100, seed 0)",1000000018,87,238,3580,77,5,0,0,False,0.04,"[-0.780882, -0.432297, -0.137612, 0.168488, -0.263537, -0.294221]"
"GA (population_size=100, seed 0)",1000000019,231,599,9540,201,15,0,0,False,0.11,"[-0.780882, -0.432297, -0.137612, 0.168488, -0.263537, -0.294221]"
"GA (population_size=100, seed 1)",1000000000,182,475,8720,153,11,1,1,False,0.07,"[-0.721322, -0.605441, -0.169576, 0.059467, -0.158447, -0.23609]"
"GA (population_size=100, seed 1)",1000000001,442,1127,18880,367,33,3,0,False,0.27,"[-0.721322, -0.605441, -0.169576, 0.059467, -0.158447, -0.23609]"
"GA (population_size=100, seed 1)",1000000002,112,301,4620,98,7,0,0,False,0.04,"[-0.721322, -0.605441, -0.169576, 0.059467, -0.158447, -0.23609]"
"GA (population_size=100, seed 1)",1000000003,60,171,2440,56,2,0,0,False,0.03,"[-0.721322, -0.605441, -0.169576, 0.059467, -0.158447, -0.23609]"
"GA (population_size=100, seed 1)",1000000004,356,911,15220,303,22,3,0,False,0.13,"[-0.721322, -0.605441, -0.169576, 0.059467, -0.158447, -0.23609]"
"GA (population_size=100, seed 1)",1000000005,199,518,8500,160,18,1,0,False,0.08,"[-0.721322, -0.605441, -0.169576, 0.059467, -0.158447, -0.23609]"
"GA (population_size=100, seed 1)",1000000006,132,350,5440,116,8,0,0,False,0.06,"[-0.721322, -0.605441, -0.169576, 0.059467, -0.158447, -0.23609]"
"GA (population_size=100, seed 1)",1000000007,67,187,2780,57,5,0,0,False,0.03,"[-0.721322, -0.605441, -0.169576, 0.059467, -0.158447, -0.23609]"
"GA (population_size=100, seed 1)",1000000008,218,566,9380,167,24,1,0,False,0.09,"[-0.721322, -0.605441, -0.169576, 0.059467, -0.158447, -0.23609]"
"GA (population_size=100, seed 1)",1000000009,78,215,4320,58,8,0,1,False,0.03,"[-0.721322, -0.605441, -0.169576, 0.059467, -0.158447, -0.23609]"
"GA (population_size=100, seed 1)",1000000010,49,144,2060,39,5,0,0,False,0.02,"[-0.721322, -0.605441, -0.169576, 0.059467, -0.158447, -0.23609]"
"GA (population_size=100, seed 1)",1000000011,111,299,4580,97,7,0,0,False,0.05,"[-0.721322, -0.605441, -0.169576, 0.059467, -0.158447, -0.23609]"
"GA (population_size=100, seed 1)",1000000012,426,1086,18660,339,36,5,0,False,0.19,"[-0.721322, -0.605441, -0.169576, 0.059467, -0.158447, -0.23609]"
"GA (population_size=100, seed 1)",1000000013,181,474,7780,142,18,1,0,False,0.07,"[-0.721322, -0.605441, -0.169576, 0.059467, -0.158447, -0.23609]"
"GA (population_size=100, seed 1)",1000000014,542,1377,23400,445,41,5,0,False,0.25,"[-0.721322, -0.605441, -0.169576, 0.059467, -0.158447, -0.23609]"
"GA (population_size=100, seed 1)",1000000015,84,232,3460,74,5,0,0,False,0.06,"[-0.721322, -0.605441, -0.169576, 0.059467, -0.158447, -0.23609]"
"GA (population_size=100, seed 1)",1000000016,437,1114,18400,375,28,2,0,False,0.3,"[-0.721322, -0.605441, -0.169576, 0.059467, -0.158447, -0.23609]"
"GA (population_size=100, seed 1)",1000000017,278,716,11840,236,18,2,0,False,0.12,"[-0.721322, -0.605441, -0.169576, 0.059467, -0.158447, -0.23609]"
"GA (population_size=100, seed 1)",1000000018,119,318,4800,115,2,0,0,False,0.05,"[-0.721322, -0.605441, -0.169576, 0.059467, -0.158447, -0.23609]"
"GA (population_size=100, seed 1)",1000000019,25,82,1040,21,2,0,0,False,0.01,"[-0.721322, -0.605441, -0.169576, 0.059467, -0.158447, -0.23609]"
"GA (population_size=100, seed 2)",1000000000,144,381,6040,116,14,0,0,False,0.05,"[-0.574447, -0.778658, -0.137663, -0.051444, -0.1388, -0.151126]"
"GA (population_size=100, seed 2)",1000000001,178,465,7940,141,14,3,0,False,0.08,"[-0.574447, -0.778658, -0.137663, -0.051444, -0.1388, -0.151126]"
"GA (population_size=100, seed 2)",1000000002,296,761,12760,249,19,3,0,False,0.11,"[-0.574447, -0.778658, -0.137663, -0.051444, -0.1388, -0.151126]"
"GA (population_size=100, seed 2)",1000000003,441,1124,19440,366,27,7,0,False,0.18,"[-0.574447, -0.778658, -0.137663, -0.051444, -0.1388, -0.151126]"
"GA (population_size=100, seed 2)",1000000004,298,765,12560,249,23,1,0,False,0.12,"[-0.574447, -0.778658, -0.137663, -0.051444, -0.1388, -0.151126]"
"GA (population_size=100, seed 2)",1000000005,249,643,10960,209,14,4,0,False,0.1,"[-0.574447, -0.778658, -0.137663, -0.051444, -0.1388, -0.151126]"
"GA (population_size=100, seed 2)",1000000006,163,429,6760,139,12,0,0,False,0.06,"[-0.574447, -0.778658, -0.137663, -0.051444, -0.1388, -0.151126]"
"GA (population_size=100, seed 2)",1000000007,104,281,4460,89,6,1,0,False,0.04,"[-0.574447, -0.778658, -0.137663, -0.051444, -0.1388, -0.151126]"
"GA (population_size=100, seed 2)",1000000008,124,331,5140,106,9,0,0,False,0.05,"[-0.574447, -0.778658, -0.137663, -0.051444, -0.1388, -0.151126]"
"GA (population_size=100, seed 2)",1000000009,51,148,2160,39,6,0,0,False,0.02,"[-0.574447, -0.778658, -0.137663, -0.051444, -0.1388, -0.151126]"
"GA (population_size=100, seed 2)",1000000010,33,103,1400,25,4,0,0,False,0.01,"[-0.574447, -0.778658, -0.137663, -0.051444, -0.1388, -0.151126]"
"GA (population_size=100, seed 2)",1000000011,63,178,2980,47,5,2,0,False,0.03,"[-0.574447, -0.778658, -0.137663, -0.051444, -0.1388, -0.151126]"
"GA (population_size=100, seed 2)",1000000012,256,661,13440,196,20,4,2,False,0.1,"[-0.574447, -0.778658, -0.137663, -0.051444, -0.1388, -0.151126]"
"GA (population_size=100, seed 2)",1000000013,271,699,11940,221,19,4,0,False,0.11,"[-0.574447, -0.778658, -0.137663, -0.051444, -0.1388, -0.151126]"
"GA (population_size=100, seed 2)",1000000014,22,76,940,16,3,0,0,False,0.01,"[-0.574447, -0.778658, -0.137663, -0.051444, -0.1388, -0.151126]"
"GA (population_size=100, seed 2)",1000000015,193,504,9060,134,22,5,0,False,0.07,"[-0.574447, -0.778658, -0.137663, -0.051444, -0.1388, -0.151126]"
"GA (population_size=100, seed 2)",1000000016,517,1312,23220,423,39,4,1,False,0.2,"[-0.574447, -0.778658, -0.137663, -0.051444, -0.1388, -0.151126]"
"GA (population_size=100, seed 2)",1000000017,107,287,4620,88,8,1,0,False,0.04,"[-0.574447, -0.778658, -0.137663, -0.051444, -0.1388, -0.151126]"
"GA (population_size=100, seed 2)",1000000018,47,138,1920,43,2,0,0,False,0.02,"[-0.574447, -0.778658, -0.137663, -0.051444, -0.1388, -0.151126]"
"GA (population_size=100, seed 2)",1000000019,23,78,960,19,2,0,0,False,0.01,"[-0.574447, -0.778658, -0.137663, -0.051444, -0.1388, -0.151126]"
"GA (population_size=100, seed 3)",1000000000,85,233,3620,63,11,0,0,False,0.03,"[-0.731112, -0.605354, -0.133617, -0.131599, -0.160159, -0.195446]"
"GA (population_size=100, seed 3)",1000000001,122,325,5240,101,9,1,0,False,0.06,"[-0.731112, -0.605354, -0.133617, -0.131599, -0.160159, -0.195446]"
"GA (population_size=100, seed 3)",1000000002,118,316,6000,90,12,0,1,False,0.05,"[-0.731112, -0.605354, -0.133617, -0.131599, -0.160159, -0.195446]"
"GA (population_size=100, seed 3)",1000000003,133,352,5560,109,12,0,0,False,0.07,"[-0.731112, -0.605354, -0.133617, -0.131599, -0.160159, -0.195446]"
"GA (population_size=100, seed 3)",1000000004,366,935,15580,302,29,2,0,False,0.14,"[-0.731112, -0.605354, -0.133617, -0.131599, -0.160159, -0.195446]"
"GA (population_size=100, seed 3)",1000000005,240,621,12540,191,16,3,2,False,0.14,"[-0.731112, -0.605354, -0.133617, -0.131599, -0.160159, -0.195446]"
"GA (population_size=100, seed 3)",1000000006,203,529,8880,157,20,2,0,False,0.08,"[-0.731112, -0.605354, -0.133617, -0.131599, -0.160159, -0.195446]"
"GA (population_size=100, seed 3)",1000000007,100,271,4300,85,6,1,0,False,0.06,"[-0.731112, -0.605354, -0.133617, -0.131599, -0.160159, -0.195446]"
"GA (population_size=100, seed 3)",1000000008,70,196,2900,60,5,0,0,False,0.03,"[-0.731112, -0.605354, -0.133617, -0.131599, -0.160159, -0.195446]"
"GA (population_size=100, seed 3)",1000000009,146,384,7260,119,10,1,1,False,0.08,"[-0.731112, -0.605354, -0.133617, -0.131599, -0.160159, -0.195446]"
"GA (population_size=100, seed 3)",1000000010,33,103,1400,25,4,0,0,False,0.01,"[-0.731112, -0.605354, -0.133617, -0.131599, -0.160159, -0.195446]"
"GA (population_size=100, seed 3)",1000000011,103,278,5460,84,6,1,1,False,0.04,"[-0.731112, -0.605354, -0.133617, -0.131599, -0.160159, -0.195446]"
"GA (population_size=100, seed 3)",1000000012,433,1103,21320,338,33,7,2,False,0.21,"[-0.731112, -0.605354, -0.133617, -0.131599, -0.160159, -0.195446]"
"GA (population_size=100, seed 3)",1000000013,148,390,6520,118,12,2,0,False,0.06,"[-0.731112, -0.605354, -0.133617, -0.131599, -0.160159, -0.195446]"
"GA (population_size=100, seed 3)",1000000014,22,76,940,16,3,0,0,False,0.01,"[-0.731112, -0.605354, -0.133617, -0.131599, -0.160159, -0.195446]"
"GA (population_size=100, seed 3)",1000000015,66,185,2920,53,5,1,0,False,0.03,"[-0.731112, -0.605354, -0.133617, -0.131599, -0.160159, -0.195446]"
"GA (population_size=100, seed 3)",1000000016,846,2136,37880,717,53,5,2,False,0.38,"[-0.731112, -0.605354, -0.133617, -0.131599, -0.160159, -0.195446]"
"GA (population_size=100, seed 3)",1000000017,148,390,6140,126,11,0,0,False,0.06,"[-0.731112, -0.605354, -0.133617, -0.131599, -0.160159, -0.195446]"
"GA (population_size=100, seed 3)",1000000018,68,190,2820,58,5,0,0,False,0.03,"[-0.731112, -0.605354, -0.133617, -0.131599, -0.160159, -0.195446]"
"GA (population_size=100, seed 3)",1000000019,28,91,1180,22,3,0,0,False,0.01,"[-0.731112, -0.605354, -0.133617, -0.131599, -0.160159, -0.195446]"
"GA (population_size=100, seed 4)",1000000000,182,475,8720,153,11,1,1,False,0.13,"[-0.821763, -0.477019, -0.170266, 0.001644, -0.143496, -0.218115]"
"GA (population_size=100, seed 4)",1000000001,442,1127,18880,367,33,3,0,False,0.17,"[-0.821763, -0.477019, -0.170266, 0.001644, -0.143496, -0.218115]"
"GA (population_size=100, seed 4)",1000000002,112,301,4620,98,7,0,0,False,0.07,"[-0.821763, -0.477019, -0.170266, 0.001644, -0.143496, -0.218115]"
"GA (population_size=100, seed 4)",1000000003,60,171,2440,56,2,0,0,False,0.04,"[-0.821763, -0.477019, -0.170266, 0.001644, -0.143496, -0.218115]"
"GA (population_size=100, seed 4)",1000000004,266,686,11180,227,18,1,0,False,0.1,"[-0.821763, -0.477019, -0.170266, 0.001644, -0.143496, -0.218115]"
"GA (population_size=100, seed 4)",1000000005,199,518,8500,160,18,1,0,False,0.08,"[-0.821763, -0.477019, -0.170266, 0.001644, -0.143496, -0.218115]"
"GA (population_size=100, seed 4)",1000000006,38,115,1600,30,4,0,0,False,0.02,"[-0.821763, -0.477019, -0.170266, 0.001644, -0.143496, -0.218115]"
"GA (population_size=100, seed 4)",1000000007,67,187,2780,57,5,0,0,False,0.03,"[-0.821763, -0.477019, -0.170266, 0.001644, -0.143496, -0.218115]"
"GA (population_size=100, seed 4)",1000000008,218,566,9380,167,24,1,0,False,0.08,"[-0.821763, -0.477019, -0.170266, 0.001644, -0.143496, -0.218115]"
"GA (population_size=100, seed 4)",1000000009,78,215,4320,58,8,0,1,False,0.03,"[-0.821763, -0.477019, -0.170266, 0.001644, -0.143496, -0.218115]"
"GA (population_size=100, seed 4)",1000000010,49,144,2060,39,5,0,0,False,0.02,"[-0.821763, -0.477019, -0.170266, 0.001644, -0.143496, -0.218115]"
"GA (population_size=100, seed 4)",1000000011,111,299,4580,97,7,0,0,False,0.04,"[-0.821763, -0.477019, -0.170266, 0.001644, -0.143496, -0.218115]"
"GA (population_size=100, seed 4)",1000000012,426,1086,18660,339,36,5,0,False,0.2,"[-0.821763, -0.477019, -0.170266, 0.001644, -0.143496, -0.218115]"
"GA (population_size=100, seed 4)",1000000013,181,474,7780,142,18,1,0,False,0.07,"[-0.821763, -0.477019, -0.170266, 0.001644, -0.143496, -0.218115]"
"GA (population_size=100, seed 4)",1000000014,542,1377,23400,445,41,5,0,False,0.2,"[-0.821763, -0.477019, -0.170266, 0.001644, -0.143496, -0.218115]"
"GA (population_size=100, seed 4)",1000000015,84,232,3460,74,5,0,0,False,0.04,"[-0.821763, -0.477019, -0.170266, 0.001644, -0.143496, -0.218115]"
"GA (population_size=100, seed 4)",1000000016,437,1114,18400,375,28,2,0,False,0.2,"[-0.821763, -0.477019, -0.170266, 0.001644, -0.143496, -0.218115]"
"GA (population_size=100, seed 4)",1000000017,278,716,11840,236,18,2,0,False,0.1,"[-0.821763, -0.477019, -0.170266, 0.001644, -0.143496, -0.218115]"
"GA (population_size=100, seed 4)",1000000018,119,318,4800,115,2,0,0,False,0.05,"[-0.821763, -0.477019, -0.170266, 0.001644, -0.143496, -0.218115]"
"GA (population_size=100, seed 4)",1000000019,25,82,1040,21,2,0,0,False,0.01,"[-0.821763, -0.477019, -0.170266, 0.001644, -0.143496, -0.218115]"
"GA (population_size=100, seed 5)",1000000000,367,939,15660,299,31,2,0,False,0.14,"[-0.926635, -0.212873, -0.150451, 0.251384, -0.047103, -0.089358]"
"GA (population_size=100, seed 5)",1000000001,121,323,5400,95,10,2,0,False,0.06,"[-0.926635, -0.212873, -0.150451, 0.251384, -0.047103, -0.089358]"
"GA (population_size=100, seed 5)",1000000002,391,998,16960,304,39,3,0,False,0.18,"[-0.926635, -0.212873, -0.150451, 0.251384, -0.047103, -0.089358]"
"GA (population_size=100, seed 5)",1000000003,72,201,3020,58,7,0,0,False,0.03,"[-0.926635, -0.212873, -0.150451, 0.251384, -0.047103, -0.089358]"
"GA (population_size=100, seed 5)",1000000004,204,531,9480,172,14,0,1,False,0.08,"[-0.926635, -0.212873, -0.150451, 0.251384, -0.047103, -0.089358]"
"GA (population_size=100, seed 5)",1000000005,70,195,3120,53,7,1,0,False,0.03,"[-0.926635, -0.212873, -0.150451, 0.251384, -0.047103, -0.089358]"
"GA (population_size=100, seed 5)",1000000006,61,173,2680,52,3,1,0,False,0.03,"[-0.926635, -0.212873, -0.150451, 0.251384, -0.047103, -0.089358]"
"GA (population_size=100, seed 5)",1000000007,297,762,13340,241,19,6,0,False,0.12,"[-0.926635, -0.212873, -0.150451, 0.251384, -0.047103, -0.089358]"
"GA (population_size=100, seed 5)",1000000008,130,345,5740,106,9,2,0,False,0.05,"[-0.926635, -0.212873, -0.150451, 0.251384, -0.047103, -0.089358]"
"GA (population_size=100, seed 5)",1000000009,72,200,3300,60,3,2,0,False,0.03,"[-0.926635, -0.212873, -0.150451, 0.251384, -0.047103, -0.089358]"
"GA (population_size=100, seed 5)",1000000010,334,856,14580,272,25,4,0,False,0.14,"[-0.926635, -0.212873, -0.150451, 0.251384, -0.047103, -0.089358]"
"GA (population_size=100, seed 5)",1000000011,90,244,4720,78,4,0,1,False,0.04,"[-0.926635, -0.212873, -0.150451, 0.251384, -0.047103, -0.089358]"
"GA (population_size=100, seed 5)",1000000012,73,202,3200,60,5,1,0,False,0.03,"[-0.926635, -0.212873, -0.150451, 0.251384, -0.047103, -0.089358]"
"GA (population_size=100, seed 5)",1000000013,434,1106,20580,357,30,3,2,False,0.17,"[-0.926635, -0.212873, -0.150451, 0.251384, -0.047103, -0.089358]"
"GA (population_size=100, seed 5)",1000000014,339,869,14300,280,28,1,0,False,0.16,"[-0.926635, -0.212873, -0.150451, 0.251384, -0.047103, -0.089358]"
"GA (population_size=100, seed 5)",1000000015,390,997,18540,301,32,7,1,False,0.15,"[-0.926635, -0.212873, -0.150451, 0.251384, -0.047103, -0.089358]"
"GA (population_size=100, seed 5)",1000000016,71,197,3100,60,4,1,0,False,0.03,"[-0.926635, -0.212873, -0.150451, 0.251384, -0.047103, -0.089358]"
"GA (population_size=100, seed 5)",1000000017,144,380,6440,106,16,2,0,False,0.06,"[-0.926635, -0.212873, -0.150451, 0.251384, -0.047103, -0.089358]"
"GA (population_size=100, seed 5)",1000000018,136,360,6000,110,10,2,0,False,0.05,"[-0.926635, -0.212873, -0.150451, 0.251384, -0.047103, -0.089358]"
"GA (population_size=100, seed 5)",1000000019,355,908,15380,297,23,4,0,False,0.14,"[-0.926635, -0.212873, -0.150451, 0.251384, -0.047103, -0.089358]"
"GA (population_size=100, seed 6)",1000000000,49,143,2060,39,5,0,0,False,0.02,"[-0.84602, -0.464691, -0.113733, -0.006959, -0.134405, -0.193036]"
"GA (population_size=100, seed 6)",1000000001,239,618,9860,209,15,0,0,False,0.11,"[-0.84602, -0.464691, -0.113733, -0.006959, -0.134405, -0.193036]"
"GA (population_size=100, seed 6)",1000000002,118,316,5360,84,14,2,0,False,0.05,"[-0.84602, -0.464691, -0.113733, -0.006959, -0.134405, -0.193036]"
"GA (population_size=100, seed 6)",1000000003,383,978,15900,325,29,0,0,False,0.16,"[-0.84602, -0.464691, -0.113733, -0.006959, -0.134405, -0.193036]"
"GA (population_size=100, seed 6)",1000000004,233,601,10000,195,16,2,0,False,0.11,"[-0.84602, -0.464691, -0.113733, -0.006959, -0.134405, -0.193036]"
"GA (population_size=100, seed 6)",1000000005,152,400,6400,135,7,1,0,False,0.07,"[-0.84602, -0.464691, -0.113733, -0.006959, -0.134405, -0.193036]"
"GA (population_size=100, seed 6)",1000000006,109,293,4480,97,6,0,0,False,0.04,"[-0.84602, -0.464691, -0.113733, -0.006959, -0.134405, -0.193036]"
"GA (population_size=100, seed 6)",1000000007,55,158,2300,45,5,0,0,False,0.04,"[-0.84602, -0.464691, -0.113733, -0.006959, -0.134405, -0.193036]"
"GA (population_size=100, seed 6)",1000000008,62,176,3800,45,5,1,1,False,0.03,"[-0.84602, -0.464691, -0.113733, -0.006959, -0.134405, -0.193036]"
"GA (population_size=100, seed 6)",1000000009,45,133,1800,45,0,0,0,False,0.02,"[-0.84602, -0.464691, -0.113733, -0.006959, -0.134405, -0.193036]"
"GA (population_size=100, seed 6)",1000000010,42,125,1900,35,2,1,0,False,0.02,"[-0.84602, -0.464691, -0.113733, -0.006959, -0.134405, -0.193036]"
"GA (population_size=100, seed 6)",1000000011,53,153,2460,34,8,1,0,False,0.02,"[-0.84602, -0.464691, -0.113733, -0.006959, -0.134405, -0.193036]"
"GA (population_size=100, seed 6)",1000000012,90,246,3780,72,9,0,0,False,0.04,"[-0.84602, -0.464691, -0.113733, -0.006959, -0.134405, -0.193036]"
"GA (population_size=100, seed 6)",1000000013,261,674,12160,204,25,1,1,False,0.1,"[-0.84602, -0.464691, -0.113733, -0.006959, -0.134405, -0.193036]"
"GA (population_size=100, seed 6)",1000000014,22,76,940,16,3,0,0,False,0.01,"[-0.84602, -0.464691, -0.113733, -0.006959, -0.134405, -0.193036]"
"GA (population_size=100, seed 6)",1000000015,63,177,2820,48,6,1,0,False,0.03,"[-0.84602, -0.464691, -0.113733, -0.006959, -0.134405, -0.193036]"
"GA (population_size=100, seed 6)",1000000016,236,610,10100,185,24,1,0,False,0.09,"[-0.84602, -0.464691, -0.113733, -0.006959, -0.134405, -0.193036]"
"GA (population_size=100, seed 6)",1000000017,114,306,4760,94,10,0,0,False,0.06,"[-0.84602, -0.464691, -0.113733, -0.006959, -0.134405, -0.193036]"
"GA (population_size=100, seed 6)",1000000018,224,580,10600,190,12,2,1,False,0.1,"[-0.84602, -0.464691, -0.113733, -0.006959, -0.134405, -0.193036]"
"GA (population_size=100, seed 6)",1000000019,20,70,820,18,1,0,0,False,0.01,"[-0.84602, -0.464691, -0.113733, -0.006959, -0.134405, -0.193036]"
"GA (population_size=100, seed 7)",1000000000,355,909,15040,301,24,2,0,False,0.15,"[-0.715129, -0.59417, -0.194918, -0.279211, -0.020841, -0.138441]"
"GA (population_size=100, seed 7)",1000000001,231,598,9400,215,8,0,0,False,0.09,"[-0.715129, -0.59417, -0.194918, -0.279211, -0.020841, -0.138441]"
"GA (population_size=100, seed 7)",1000000002,265,684,11160,224,19,1,0,False,0.1,"[-0.715129, -0.59417, -0.194918, -0.279211, -0.020841, -0.138441]"
"GA (population_size=100, seed 7)",1000000003,400,1020,16540,346,27,0,0,False,0.15,"[-0.715129, -0.59417, -0.194918, -0.279211, -0.020841, -0.138441]"
"GA (population_size=100, seed 7)",1000000004,187,489,8820,153,15,0,1,False,0.08,"[-0.715129, -0.59417, -0.194918, -0.279211, -0.020841, -0.138441]"
"GA (population_size=100, seed 7)",1000000005,36,110,1660,29,2,1,0,False,0.02,"[-0.715129, -0.59417, -0.194918, -0.279211, -0.020841, -0.138441]"
"GA (population_size=100, seed 7)",1000000006,116,311,4780,102,7,0,0,False,0.05,"[-0.715129, -0.59417, -0.194918, -0.279211, -0.020841, -0.138441]"
"GA (population_size=100, seed 7)",1000000007,122,325,5080,102,10,0,0,False,0.05,"[-0.715129, -0.59417, -0.194918, -0.279211, -0.020841, -0.138441]"
"GA (population_size=100, seed 7)",1000000008,218,565,9540,181,14,3,0,False,0.08,"[-0.715129, -0.59417, -0.194918, -0.279211, -0.020841, -0.138441]"
"GA (population_size=100, seed 7)",1000000009,119,318,5300,95,9,2,0,False,0.06,"[-0.715129, -0.59417, -0.194918, -0.279211, -0.020841, -0.138441]"
"GA (population_size=100, seed 7)",1000000010,35,109,1440,31,2,0,0,False,0.02,"[-0.715129, -0.59417, -0.194918, -0.279211, -0.020841, -0.138441]"
"GA (population_size=100, seed 7)",1000000011,64,181,2640,56,4,0,0,False,0.02,"[-0.715129, -0.59417, -0.194918, -0.279211, -0.020841, -0.138441]"
"GA (population_size=100, seed 7)",1000000012,33,104,1360,29,2,0,0,False,0.02,"[-0.715129, -0.59417, -0.194918, -0.279211, -0.020841, -0.138441]"
"GA (population_size=100, seed 7)",1000000013,330,846,14340,276,21,4,0,False,0.12,"[-0.715129, -0.59417, -0.194918, -0.279211, -0.020841, -0.138441]"
"GA (population_size=100, seed 7)",1000000014,681,1724,29360,584,45,1,1,False,0.25,"[-0.715129, -0.59417, -0.194918, -0.279211, -0.020841, -0.138441]"
"GA (population_size=100, seed 7)",1000000015,48,141,1960,44,2,0,0,False,0.02,"[-0.715129, -0.59417, -0.194918, -0.279211, -0.020841, -0.138441]"
"GA (population_size=100, seed 7)",1000000016,546,1386,22900,455,44,1,0,False,0.2,"[-0.715129, -0.59417, -0.194918, -0.279211, -0.020841, -0.138441]"
"GA (population_size=100, seed 7)",1000000017,142,376,6100,115,12,1,0,False,0.06,"[-0.715129, -0.59417, -0.194918, -0.279211, -0.020841, -0.138441]"
"GA (population_size=100, seed 7)",1000000018,133,353,5540,111,11,0,0,False,0.05,"[-0.715129, -0.59417, -0.194918, -0.279211, -0.020841, -0.138441]"
"GA (population_size=100, seed 7)",1000000019,293,752,12560,239,24,2,0,False,0.15,"[-0.715129, -0.59417, -0.194918, -0.279211, -0.020841, -0.138441]"
"GA (population_size=100, seed 8)",1000000000,355,909,15040,301,24,2,0,False,0.13,"[-0.607821, -0.74311, -0.199773, 0.1296, -0.010804, -0.146694]"
"GA (population_size=100, seed 8)",1000000001,231,598,9400,215,8,0,0,False,0.12,"[-0.607821, -0.74311, -0.199773, 0.1296, -0.010804, -0.146694]"
"GA (population_size=100, seed 8)",1000000002,267,687,11380,227,17,2,0,False,0.11,"[-0.607821, -0.74311, -0.199773, 0.1296, -0.010804, -0.146694]"
"GA (population_size=100, seed 8)",1000000003,90,245,3720,78,6,0,0,False,0.06,"[-0.607821, -0.74311, -0.199773, 0.1296, -0.010804, -0.146694]"
"GA (population_size=100, seed 8)",1000000004,187,489,8820,153,15,0,1,False,0.09,"[-0.607821, -0.74311, -0.199773, 0.1296, -0.010804, -0.146694]"
"GA (population_size=100, seed 8)",1000000005,36,110,1660,29,2,1,0,False,0.02,"[-0.607821, -0.74311, -0.199773, 0.1296, -0.010804, -0.146694]"
"GA (population_size=100, seed 8)",1000000006,116,311,4780,102,7,0,0,False,0.05,"[-0.607821, -0.74311, -0.199773, 0.1296, -0.010804, -0.146694]"
"GA (population_size=100, seed 8)",1000000007,35,108,1480,27,4,0,0,False,0.03,"[-0.607821, -0.74311, -0.199773, 0.1296, -0.010804, -0.146694]"
"GA (population_size=100, seed 8)",1000000008,218,565,9540,181,14,3,0,False,0.1,"[-0.607821, -0.74311, -0.199773, 0.1296, -0.010804, -0.146694]"
"GA (population_size=100, seed 8)",1000000009,119,318,5300,95,9,2,0,False,0.04,"[-0.607821, -0.74311, -0.199773, 0.1296, -0.010804, -0.146694]"
"GA (population_size=100, seed 8)",1000000010,35,109,1440,31,2,0,0,False,0.02,"[-0.607821, -0.74311, -0.199773, 0.1296, -0.010804, -0.146694]"
"GA (population_size=100, seed 8)",1000000011,64,181,2640,56,4,0,0,False,0.03,"[-0.607821, -0.74311, -0.199773, 0.1296, -0.010804, -0.146694]"
"GA (population_size=100, seed 8)",1000000012,33,104,1360,29,2,0,0,False,0.01,"[-0.607821, -0.74311, -0.199773, 0.1296, -0.010804, -0.146694]"
"GA (population_size=100, seed 8)",1000000013,235,608,10440,191,16,4,0,False,0.1,"[-0.607821, -0.74311, -0.199773, 0.1296, -0.010804, -0.146694]"
"GA (population_size=100, seed 8)",1000000014,681,1724,29360,584,45,1,1,False,0.26,"[-0.607821, -0.74311, -0.199773, 0.1296, -0.010804, -0.146694]"
"GA (population_size=100, seed 8)",1000000015,48,141,1960,44,2,0,0,False,0.02,"[-0.607821, -0.74311, -0.199773, 0.1296, -0.010804, -0.146694]"
"GA (population_size=100, seed 8)",1000000016,541,1373,24160,449,38,4,1,False,0.22,"[-0.607821, -0.74311, -0.199773, 0.1296, -0.010804, -0.146694]"
"GA (population_size=100, seed 8)",1000000017,142,376,6100,115,12,1,0,False,0.06,"[-0.607821, -0.74311, -0.199773, 0.1296, -0.010804, -0.146694]"
"GA (population_size=100, seed 8)",1000000018,191,497,8280,157,14,2,0,False,0.07,"[-0.607821, -0.74311, -0.199773, 0.1296, -0.010804, -0.146694]"
"GA (population_size=100, seed 8)",1000000019,293,752,12560,239,24,2,0,False,0.14,"[-0.607821, -0.74311, -0.199773, 0.1296, -0.010804, -0.146694]"
"GA (population_size=100, seed 9)",1000000000,201,523,8620,173,11,2,0,False,0.08,"[-0.764076, -0.587564, -0.21988, 0.07226, -0.019702, -0.13038]"
"GA (population_size=100, seed 9)",1000000001,150,394,6420,123,12,1,0,False,0.06,"[-0.764076, -0.587564, -0.21988, 0.07226, -0.019702, -0.13038]"
"GA (population_size=100, seed 9)",1000000002,126,336,5420,103,10,1,0,False,0.05,"[-0.764076, -0.587564, -0.21988, 0.07226, -0.019702, -0.13038]"
"GA (population_size=100, seed 9)",1000000003,290,747,12280,237,25,1,0,False,0.12,"[-0.764076, -0.587564, -0.21988, 0.07226, -0.019702, -0.13038]"
"GA (population_size=100, seed 9)",1000000004,125,333,5160,109,8,0,0,False,0.05,"[-0.764076, -0.587564, -0.21988, 0.07226, -0.019702, -0.13038]"
"GA (population_size=100, seed 9)",1000000005,392,1000,16200,340,26,0,0,False,0.16,"[-0.764076, -0.587564, -0.21988, 0.07226, -0.019702, -0.13038]"
"GA (population_size=100, seed 9)",1000000006,116,311,4780,102,7,0,0,False,0.05,"[-0.764076, -0.587564, -0.21988, 0.07226, -0.019702, -0.13038]"
"GA (population_size=100, seed 9)",1000000007,64,181,2640,56,4,0,0,False,0.03,"[-0.764076, -0.587564, -0.21988, 0.07226, -0.019702, -0.13038]"
"GA (population_size=100, seed 9)",1000000008,186,486,8380,152,11,4,0,False,0.08,"[-0.764076, -0.587564, -0.21988, 0.07226, -0.019702, -0.13038]"
"GA (population_size=100, seed 9)",1000000009,50,146,2220,43,2,1,0,False,0.02,"[-0.764076, -0.587564, -0.21988, 0.07226, -0.019702, -0.13038]"
"GA (population_size=100, seed 9)",1000000010,229,593,9880,187,18,2,0,False,0.09,"[-0.764076, -0.587564, -0.21988, 0.07226, -0.019702, -0.13038]"
"GA (population_size=100, seed 9)",1000000011,14,57,580,12,1,0,0,False,0.01,"[-0.764076, -0.587564, -0.21988, 0.07226, -0.019702, -0.13038]"
"GA (population_size=100, seed 9)",1000000012,33,104,1360,29,2,0,0,False,0.01,"[-0.764076, -0.587564, -0.21988, 0.07226, -0.019702, -0.13038]"
"GA (population_size=100, seed 9)",1000000013,186,485,8120,148,16,2,0,False,0.07,"[-0.764076, -0.587564, -0.21988, 0.07226, -0.019702, -0.13038]"
"GA (population_size=100, seed 9)",1000000014,120,321,5100,105,6,1,0,False,0.05,"[-0.764076, -0.587564, -0.21988, 0.07226, -0.019702, -0.13038]"
"GA (population_size=100, seed 9)",1000000015,48,141,1980,42,3,0,0,False,0.02,"[-0.764076, -0.587564, -0.21988, 0.07226, -0.019702, -0.13038]"
"GA (population_size=100, seed 9)",1000000016,388,991,17180,322,31,0,1,False,0.14,"[-0.764076, -0.587564, -0.21988, 0.07226, -0.019702, -0.13038]"
"GA (population_size=100, seed 9)",1000000017,382,976,16340,321,26,3,0,False,0.16,"[-0.764076, -0.587564, -0.21988, 0.07226, -0.019702, -0.13038]"
"GA (population_size=100, seed 9)",1000000018,409,1044,18860,334,28,5,1,False,0.15,"[-0.764076, -0.587564, -0.21988, 0.07226, -0.019702, -0.13038]"
"GA (population_size=100, seed 9)",1000000019,365,934,16620,308,22,3,1,False,0.14,"[-0.764076, -0.587564, -0.21988, 0.07226, -0.019702, -0.13038]"
"GA (mutation_rate=0.01, seed 0)",1000000000,136,360,5640,116,10,0,0,False,0.05,"[-0.810622, -0.08086, -0.008621, 0.250378, -0.462579, -0.244153]"
"GA (mutation_rate=0.01, seed 0)",1000000001,261,674,10820,223,19,0,0,False,0.1,"[-0.810622, -0.08086, -0.008621, 0.250378, -0.462579, -0.244153]"
"GA (mutation_rate=0.01, seed 0)",1000000002,37,114,1560,29,4,0,0,False,0.02,"[-0.810622, -0.08086, -0.008621, 0.250378, -0.462579, -0.244153]"
"GA (mutation_rate=0.01, seed 0)",1000000003,40,122,1660,34,3,0,0,False,0.02,"[-0.810622, -0.08086, -0.008621, 0.250378, -0.462579, -0.244153]"
"GA (mutation_rate=0.01, seed 0)",1000000004,378,965,17940,286,35,6,1,False,0.14,"[-0.810622, -0.08086, -0.008621, 0.250378, -0.462579, -0.244153]"
"GA (mutation_rate=0.01, seed 0)",1000000005,382,975,16300,310,33,2,0,False,0.15,"[-0.810622, -0.08086, -0.008621, 0.250378, -0.462579, -0.244153]"
"GA (mutation_rate=0.01, seed 0)",1000000006,101,274,4180,87,7,0,0,False,0.04,"[-0.810622, -0.08086, -0.008621, 0.250378, -0.462579, -0.244153]"
"GA (mutation_rate=0.01, seed 0)",1000000007,80,221,3260,74,3,0,0,False,0.03,"[-0.810622, -0.08086, -0.008621, 0.250378, -0.462579, -0.244153]"
"GA (mutation_rate=0.01, seed 0)",1000000008,48,141,1940,46,1,0,0,False,0.02,"[-0.810622, -0.08086, -0.008621, 0.250378, -0.462579, -0.244153]"
"GA (mutation_rate=0.01, seed 0)",1000000009,70,196,2940,56,7,0,0,False,0.03,"[-0.810622, -0.08086, -0.008621, 0.250378, -0.462579, -0.244153]"
"GA (mutation_rate=0.01, seed 0)",1000000010,385,982,16660,319,27,4,0,False,0.15,"[-0.810622, -0.08086, -0.008621, 0.250378, -0.462579, -0.244153]"
"GA (mutation_rate=0.01, seed 0)",1000000011,67,188,2800,55,6,0,0,False,0.03,"[-0.810622, -0.08086, -0.008621, 0.250378, -0.462579, -0.244153]"
"GA (mutation_rate=0.01, seed 0)",1000000012,283,728,11820,248,16,1,0,False,0.1,"[-0.810622, -0.08086, -0.008621, 0.250378, -0.462579, -0.244153]"
"GA (mutation_rate=0.01, seed 0)",1000000013,57,163,2400,45,6,0,0,False,0.02,"[-0.810622, -0.08086, -0.008621, 0.250378, -0.462579, -0.244153]"
"GA (mutation_rate=0.01, seed 0)",1000000014,68,190,2900,50,9,0,0,False,0.03,"[-0.810622, -0.08086, -0.008621, 0.250378, -0.462579, -0.244153]"
"GA (mutation_rate=0.01, seed 0)",1000000015,50,145,2080,42,4,0,0,False,0.02,"[-0.810622, -0.08086, -0.008621, 0.250378, -0.462579, -0.244153]"
"GA (mutation_rate=0.01, seed 0)",1000000016,180,472,7680,147,15,1,0,False,0.07,"[-0.810622, -0.08086, -0.008621, 0.250378, -0.462579, -0.244153]"
"GA (mutation_rate=0.01, seed 0)",1000000017,79,217,3280,67,6,0,0,False,0.03,"[-0.810622, -0.08086, -0.008621, 0.250378, -0.462579, -0.244153]"
"GA (mutation_rate=0.01, seed 0)",1000000018,45,133,1860,39,3,0,0,False,0.02,"[-0.810622, -0.08086, -0.008621, 0.250378, -0.462579, -0.244153]"
"GA (mutation_rate=0.01, seed 0)",1000000019,561,1423,24500,445,49,6,0,False,0.21,"[-0.810622, -0.08086, -0.008621, 0.250378, -0.462579, -0.244153]"
"GA (mutation_rate=0.01, seed 1)",1000000000,222,575,10260,184,17,0,1,False,0.08,"[-0.568475, -0.722925, -0.149756, 0.097729, -0.23048, -0.262901]"
"GA (mutation_rate=0.01, seed 1)",1000000001,197,513,8420,173,9,2,0,False,0.08,"[-0.568475, -0.722925, -0.149756, 0.097729, -0.23048, -0.262901]"
"GA (mutation_rate=0.01, seed 1)",1000000002,400,1021,17120,333,29,3,0,False,0.15,"[-0.568475, -0.722925, -0.149756, 0.097729, -0.23048, -0.262901]"
"GA (mutation_rate=0.01, seed 1)",1000000003,87,239,3820,68,8,1,0,False,0.03,"[-0.568475, -0.722925, -0.149756, 0.097729, -0.23048, -0.262901]"
"GA (mutation_rate=0.01, seed 1)",1000000004,236,611,9920,203,15,1,0,False,0.09,"[-0.568475, -0.722925, -0.149756, 0.097729, -0.23048, -0.262901]"
"GA (mutation_rate=0.01, seed 1)",1000000005,96,261,4140,81,6,1,0,False,0.04,"[-0.568475, -0.722925, -0.149756, 0.097729, -0.23048, -0.262901]"
"GA (mutation_rate=0.01, seed 1)",1000000006,234,604,9660,204,15,0,0,False,0.09,"[-0.568475, -0.722925, -0.149756, 0.097729, -0.23048, -0.262901]"
"GA (mutation_rate=0.01, seed 1)",1000000007,78,216,3400,65,5,1,0,False,0.03,"[-0.568475, -0.722925, -0.149756, 0.097729, -0.23048, -0.262901]"
"GA (mutation_rate=0.01, seed 1)",1000000008,186,487,7800,150,18,0,0,False,0.07,"[-0.568475, -0.722925, -0.149756, 0.097729, -0.23048, -0.262901]"
"GA (mutation_rate=0.01, seed 1)",1000000009,90,245,3720,78,6,0,0,False,0.03,"[-0.568475, -0.722925, -0.149756, 0.097729, -0.23048, -0.262901]"
"GA (mutation_rate=0.01, seed 1)",1000000010,68,191,2960,59,3,1,0,False,0.02,"[-0.568475, -0.722925, -0.149756, 0.097729, -0.23048, -0.262901]"
"GA (mutation_rate=0.01, seed 1)",1000000011,68,191,3120,58,2,2,0,False,0.03,"[-0.568475, -0.722925, -0.149756, 0.097729, -0.23048, -0.262901]"
"GA (mutation_rate=0.01, seed 1)",1000000012,90,244,3840,81,3,1,0,False,0.05,"[-0.568475, -0.722925, -0.149756, 0.097729, -0.23048, -0.262901]"
"GA (mutation_rate=0.01, seed 1)",1000000013,412,1050,18400,350,26,2,1,False,0.16,"[-0.568475, -0.722925, -0.149756, 0.097729, -0.23048, -0.262901]"
"GA (mutation_rate=0.01, seed 1)",1000000014,127,339,5400,110,7,1,0,False,0.05,"[-0.568475, -0.722925, -0.149756, 0.097729, -0.23048, -0.262901]"
"GA (mutation_rate=0.01, seed 1)",1000000015,84,232,3460,74,5,0,0,False,0.03,"[-0.568475, -0.722925, -0.149756, 0.097729, -0.23048, -0.262901]"
"GA (mutation_rate=0.01, seed 1)",1000000016,132,350,5480,112,10,0,0,False,0.05,"[-0.568475, -0.722925, -0.149756, 0.097729, -0.23048, -0.262901]"
"GA (mutation_rate=0.01, seed 1)",1000000017,325,833,13700,270,26,1,0,False,0.13,"[-0.568475, -0.722925, -0.149756, 0.097729, -0.23048, -0.262901]"
"GA (mutation_rate=0.01, seed 1)",1000000018,400,1021,16760,339,29,1,0,False,0.16,"[-0.568475, -0.722925, -0.149756, 0.097729, -0.23048, -0.262901]"
"GA (mutation_rate=0.01, seed 1)",1000000019,25,83,1020,23,1,0,0,False,0.01,"[-0.568475, -0.722925, -0.149756, 0.097729, -0.23048, -0.262901]"
"GA (mutation_rate=0.01, seed 2)",1000000000,449,1142,18500,395,27,0,0,False,0.2,"[-0.863164, -0.372166, -0.215049, -0.214927, 0.063355, -0.141378]"
"GA (mutation_rate=0.01, seed 2)",1000000001,258,666,10580,232,13,0,0,False,0.11,"[-0.863164, -0.372166, -0.215049, -0.214927, 0.063355, -0.141378]"
"GA (mutation_rate=0.01, seed 2)",1000000002,113,302,4820,98,6,1,0,False,0.05,"[-0.863164, -0.372166, -0.215049, -0.214927, 0.063355, -0.141378]"
"GA (mutation_rate=0.01, seed 2)",1000000003,371,948,15680,317,24,2,0,False,0.15,"[-0.863164, -0.372166, -0.215049, -0.214927, 0.063355, -0.141378]"
"GA (mutation_rate=0.01, seed 2)",1000000004,51,148,2080,47,2,0,0,False,0.02,"[-0.863164, -0.372166, -0.215049, -0.214927, 0.063355, -0.141378]"
"GA (mutation_rate=0.01, seed 2)",1000000005,60,171,2620,53,2,1,0,False,0.03,"[-0.863164, -0.372166, -0.215049, -0.214927, 0.063355, -0.141378]"
"GA (mutation_rate=0.01, seed 2)",1000000006,322,826,13640,261,29,1,0,False,0.13,"[-0.863164, -0.372166, -0.215049, -0.214927, 0.063355, -0.141378]"
"GA (mutation_rate=0.01, seed 2)",1000000007,47,138,2080,42,1,1,0,False,0.02,"[-0.863164, -0.372166, -0.215049, -0.214927, 0.063355, -0.141378]"
"GA (mutation_rate=0.01, seed 2)",1000000008,83,229,4440,71,4,0,1,False,0.03,"[-0.863164, -0.372166, -0.215049, -0.214927, 0.063355, -0.141378]"
"GA (mutation_rate=0.01, seed 2)",1000000009,110,296,4700,95,6,1,0,False,0.06,"[-0.863164, -0.372166, -0.215049, -0.214927, 0.063355, -0.141378]"
"GA (mutation_rate=0.01, seed 2)",1000000010,232,601,9860,189,20,1,0,False,0.1,"[-0.863164, -0.372166, -0.215049, -0.214927, 0.063355, -0.141378]"
"GA (mutation_rate=0.01, seed 2)",1000000011,98,265,4020,88,5,0,0,False,0.05,"[-0.863164, -0.372166, -0.215049, -0.214927, 0.063355, -0.141378]"
"GA (mutation_rate=0.01, seed 2)",1000000012,238,614,10260,194,19,2,0,False,0.1,"[-0.863164, -0.372166, -0.215049, -0.214927, 0.063355, -0.141378]"
"GA (mutation_rate=0.01, seed 2)",1000000013,147,388,6300,120,12,1,0,False,0.05,"[-0.863164, -0.372166, -0.215049, -0.214927, 0.063355, -0.141378]"
"GA (mutation_rate=0.01, seed 2)",1000000014,32,102,1360,24,4,0,0,False,0.01,"[-0.863164, -0.372166, -0.215049, -0.214927, 0.063355, -0.141378]"
"GA (mutation_rate=0.01, seed 2)",1000000015,89,244,3780,67,11,0,0,False,0.04,"[-0.863164, -0.372166, -0.215049, -0.214927, 0.063355, -0.141378]"
"GA (mutation_rate=0.01, seed 2)",1000000016,231,598,10040,196,13,3,0,False,0.09,"[-0.863164, -0.372166, -0.215049, -0.214927, 0.063355, -0.141378]"
"GA (mutation_rate=0.01, seed 2)",1000000017,249,643,10520,208,19,1,0,False,0.13,"[-0.863164, -0.372166, -0.215049, -0.214927, 0.063355, -0.141378]"
"GA (mutation_rate=0.01, seed 2)",1000000018,135,358,5620,113,11,0,0,False,0.05,"[-0.863164, -0.372166, -0.215049, -0.214927, 0.063355, -0.141378]"
"GA (mutation_rate=0.01, seed 2)",1000000019,344,880,15500,300,17,2,1,False,0.17,"[-0.863164, -0.372166, -0.215049, -0.214927, 0.063355, -0.141378]"
"GA (mutation_rate=0.01, seed 3)",1000000000,449,1142,18500,395,27,0,0,False,0.23,"[-0.839176, -0.060545, -0.155063, 0.507002, 0.038911, -0.09751]"
"GA (mutation_rate=0.01, seed 3)",1000000001,258,666,10580,232,13,0,0,False,0.11,"[-0.839176, -0.060545, -0.155063, 0.507002, 0.038911, -0.09751]"
"GA (mutation_rate=0.01, seed 3)",1000000002,113,302,4820,98,6,1,0,False,0.06,"[-0.839176, -0.060545, -0.155063, 0.507002, 0.038911, -0.09751]"
"GA (mutation_rate=0.01, seed 3)",1000000003,371,948,15680,317,24,2,0,False,0.15,"[-0.839176, -0.060545, -0.155063, 0.507002, 0.038911, -0.09751]"
"GA (mutation_rate=0.01, seed 3)",1000000004,51,148,2080,47,2,0,0,False,0.02,"[-0.839176, -0.060545, -0.155063, 0.507002, 0.038911, -0.09751]"
"GA (mutation_rate=0.01, seed 3)",1000000005,60,171,2620,53,2,1,0,False,0.03,"[-0.839176, -0.060545, -0.155063, 0.507002, 0.038911, -0.09751]"
"GA (mutation_rate=0.01, seed 3)",1000000006,322,826,13640,261,29,1,0,False,0.14,"[-0.839176, -0.060545, -0.155063, 0.507002, 0.038911, -0.09751]"
"GA (mutation_rate=0.01, seed 3)",1000000007,47,138,2080,42,1,1,0,False,0.02,"[-0.839176, -0.060545, -0.155063, 0.507002, 0.038911, -0.09751]"
"GA (mutation_rate=0.01, seed 3)",1000000008,83,229,4440,71,4,0,1,False,0.03,"[-0.839176, -0.060545, -0.155063, 0.507002, 0.038911, -0.09751]"
"GA (mutation_rate=0.01, seed 3)",1000000009,110,296,4700,95,6,1,0,False,0.04,"[-0.839176, -0.060545, -0.155063, 0.507002, 0.038911, -0.09751]"
"GA (mutation_rate=0.01, seed 3)",1000000010,232,601,9860,189,20,1,0,False,0.12,"[-0.839176, -0.060545, -0.155063, 0.507002, 0.038911, -0.09751]"
"GA (mutation_rate=0.01, seed 3)",1000000011,98,265,4020,88,5,0,0,False,0.04,"[-0.839176, -0.060545, -0.155063, 0.507002, 0.038911, -0.09751]"
"GA (mutation_rate=0.01, seed 3)",1000000012,238,614,10260,194,19,2,0,False,0.09,"[-0.839176, -0.060545, -0.155063, 0.507002, 0.038911, -0.09751]"
"GA (mutation_rate=0.01, seed 3)",1000000013,127,338,5440,106,9,1,0,False,0.08,"[-0.839176, -0.060545, -0.155063, 0.507002, 0.038911, -0.09751]"
"GA (mutation_rate=0.01, seed 3)",1000000014,32,102,1360,24,4,0,0,False,0.01,"[-0.839176, -0.060545, -0.155063, 0.507002, 0.038911, -0.09751]"
"GA (mutation_rate=0.01, seed 3)",1000000015,89,244,3780,67,11,0,0,False,0.04,"[-0.839176, -0.060545, -0.155063, 0.507002, 0.038911, -0.09751]"
"GA (mutation_rate=0.01, seed 3)",1000000016,231,598,10040,196,13,3,0,False,0.09,"[-0.839176, -0.060545, -0.155063, 0.507002, 0.038911, -0.09751]"
"GA (mutation_rate=0.01, seed 3)",1000000017,249,643,10520,208,19,1,0,False,0.1,"[-0.839176, -0.060545, -0.155063, 0.507002, 0.038911, -0.09751]"
"GA (mutation_rate=0.01, seed 3)",1000000018,135,358,5620,113,11,0,0,False,0.05,"[-0.839176, -0.060545, -0.155063, 0.507002, 0.038911, -0.09751]"
"GA (mutation_rate=0.01, seed 3)",1000000019,344,880,15500,300,17,2,1,False,0.13,"[-0.839176, -0.060545, -0.155063, 0.507002, 0.038911, -0.09751]"
"GA (mutation_rate=0.01, seed 4)",1000000000,43,128,1780,37,3,0,0,False,0.02,"[-0.399614, -0.805401, -0.209362, -0.371418, 0.096463, -0.023437]"
"GA (mutation_rate=0.01, seed 4)",1000000001,260,670,11280,217,17,3,0,False,0.1,"[-0.399614, -0.805401, -0.209362, -0.371418, 0.096463, -0.023437]"
"GA (mutation_rate=0.01, seed 4)",1000000002,438,1117,18760,359,35,3,0,False,0.18,"[-0.399614, -0.805401, -0.209362, -0.371418, 0.096463, -0.023437]"
"GA (mutation_rate=0.01, seed 4)",1000000003,61,173,2500,55,3,0,0,False,0.02,"[-0.399614, -0.805401, -0.209362, -0.371418, 0.096463, -0.023437]"
"GA (mutation_rate=0.01, seed 4)",1000000004,150,395,6580,122,11,2,0,False,0.1,"[-0.399614, -0.805401, -0.209362, -0.371418, 0.096463, -0.023437]"
"GA (mutation_rate=0.01, seed 4)",1000000005,61,174,2520,53,4,0,0,False,0.03,"[-0.399614, -0.805401, -0.209362, -0.371418, 0.096463, -0.023437]"
"GA (mutation_rate=0.01, seed 4)",1000000006,51,148,2280,42,3,1,0,False,0.02,"[-0.399614, -0.805401, -0.209362, -0.371418, 0.096463, -0.023437]"
"GA (mutation_rate=0.01, seed 4)",1000000007,41,123,1660,39,1,0,0,False,0.02,"[-0.399614, -0.805401, -0.209362, -0.371418, 0.096463, -0.023437]"
"GA (mutation_rate=0.01, seed 4)",1000000008,89,243,3820,78,4,1,0,False,0.03,"[-0.399614, -0.805401, -0.209362, -0.371418, 0.096463, -0.023437]"
"GA (mutation_rate=0.01, seed 4)",1000000009,50,145,2420,38,3,2,0,False,0.02,"[-0.399614, -0.805401, -0.209362, -0.371418, 0.096463, -0.023437]"
"GA (mutation_rate=0.01, seed 4)",1000000010,26,85,1100,20,3,0,0,False,0.01,"[-0.399614, -0.805401, -0.209362, -0.371418, 0.096463, -0.023437]"
"GA (mutation_rate=0.01, seed 4)",1000000011,53,152,2200,45,4,0,0,False,0.02,"[-0.399614, -0.805401, -0.209362, -0.371418, 0.096463, -0.023437]"
"GA (mutation_rate=0.01, seed 4)",1000000012,272,701,12040,231,13,5,0,False,0.1,"[-0.399614, -0.805401, -0.209362, -0.371418, 0.096463, -0.023437]"
"GA (mutation_rate=0.01, seed 4)",1000000013,215,558,8880,187,14,0,0,False,0.1,"[-0.399614, -0.805401, -0.209362, -0.371418, 0.096463, -0.023437]"
"GA (mutation_rate=0.01, seed 4)",1000000014,76,210,3500,60,5,2,0,False,0.03,"[-0.399614, -0.805401, -0.209362, -0.371418, 0.096463, -0.023437]"
"GA (mutation_rate=0.01, seed 4)",1000000015,75,208,3140,61,7,0,0,False,0.03,"[-0.399614, -0.805401, -0.209362, -0.371418, 0.096463, -0.023437]"
"GA (mutation_rate=0.01, seed 4)",1000000016,233,603,9800,200,15,1,0,False,0.09,"[-0.399614, -0.805401, -0.209362, -0.371418, 0.096463, -0.023437]"
"GA (mutation_rate=0.01, seed 4)",1000000017,294,754,13320,253,17,1,1,False,0.13,"[-0.399614, -0.805401, -0.209362, -0.371418, 0.096463, -0.023437]"
"GA (mutation_rate=0.01, seed 4)",1000000018,48,141,2200,35,5,1,0,False,0.02,"[-0.399614, -0.805401, -0.209362, -0.371418, 0.096463, -0.023437]"
"GA (mutation_rate=0.01, seed 4)",1000000019,40,121,1900,25,6,1,0,False,0.02,"[-0.399614, -0.805401, -0.209362, -0.371418, 0.096463, -0.023437]"
"GA (mutation_rate=0.01, seed 5)",1000000000,367,939,15660,299,31,2,0,False,0.14,"[-0.926635, -0.212873, -0.150451, 0.251384, -0.047103, -0.089358]"
"GA (mutation_rate=0.01, seed 5)",1000000001,121,323,5400,95,10,2,0,False,0.05,"[-0.926635, -0.212873, -0.150451, 0.251384, -0.047103, -0.089358]"
"GA (mutation_rate=0.01, seed 5)",1000000002,391,998,16960,304,39,3,0,False,0.15,"[-0.926635, -0.212873, -0.150451, 0.251384, -0.047103, -0.089358]"
"GA (mutation_rate=0.01, seed 5)",1000000003,72,201,3020,58,7,0,0,False,0.03,"[-0.926635, -0.212873, -0.150451, 0.251384, -0.047103, -0.089358]"
"GA (mutation_rate=0.01, seed 5)",1000000004,204,531,9480,172,14,0,1,False,0.08,"[-0.926635, -0.212873, -0.150451, 0.251384, -0.047103, -0.089358]"
"GA (mutation_rate=0.01, seed 5)",1000000005,70,195,3120,53,7,1,0,False,0.03,"[-0.926635, -0.212873, -0.150451, 0.251384, -0.047103, -0.089358]"
"GA (mutation_rate=0.01, seed 5)",1000000006,61,173,2680,52,3,1,0,False,0.03,"[-0.926635, -0.212873, -0.150451, 0.251384, -0.047103, -0.089358]"
"GA (mutation_rate=0.01, seed 5)",1000000007,297,762,13340,241,19,6,0,False,0.12,"[-0.926635, -0.212873, -0.150451, 0.251384, -0.047103, -0.089358]"
"GA (mutation_rate=0.01, seed 5)",1000000008,130,345,5740,106,9,2,0,False,0.07,"[-0.926635, -0.212873, -0.150451, 0.251384, -0.047103, -0.089358]"
"GA (mutation_rate=0.01, seed 5)",1000000009,72,200,3300,60,3,2,0,False,0.03,"[-0.926635, -0.212873, -0.150451, 0.251384, -0.047103, -0.089358]"
"GA (mutation_rate=0.01, seed 5)",1000000010,334,856,14580,272,25,4,0,False,0.13,"[-0.926635, -0.212873, -0.150451, 0.251384, -0.047103, -0.089358]"
"GA (mutation_rate=0.01, seed 5)",1000000011,90,244,4720,78,4,0,1,False,0.04,"[-0.926635, -0.212873, -0.150451, 0.251384, -0.047103, -0.089358]"
"GA (mutation_rate=0.01, seed 5)",1000000012,73,202,3200,60,5,1,0,False,0.03,"[-0.926635, -0.212873, -0.150451, 0.251384, -0.047103, -0.089358]"
"GA (mutation_rate=0.01, seed 5)",1000000013,434,1106,20580,357,30,3,2,False,0.18,"[-0.926635, -0.212873, -0.150451, 0.251384, -0.047103, -0.089358]"
"GA (mutation_rate=0.01, seed 5)",1000000014,339,869,14300,280,28,1,0,False,0.13,"[-0.926635, -0.212873, -0.150451, 0.251384, -0.047103, -0.089358]"
"GA (mutation_rate=0.01, seed 5)",1000000015,390,997,18540,301,32,7,1,False,0.2,"[-0.926635, -0.212873, -0.150451, 0.251384, -0.047103, -0.089358]"
"GA (mutation_rate=0.01, seed 5)",1000000016,71,197,3100,60,4,1,0,False,0.03,"[-0.926635, -0.212873, -0.150451, 0.251384, -0.047103, -0.089358]"
"GA (mutation_rate=0.01, seed 5)",1000000017,144,380,6440,106,16,2,0,False,0.06,"[-0.926635, -0.212873, -0.150451, 0.251384, -0.047103, -0.089358]"
"GA (mutation_rate=0.01, seed 5)",1000000018,136,360,6000,110,10,2,0,False,0.06,"[-0.926635, -0.212873, -0.150451, 0.251384, -0.047103, -0.089358]"
"GA (mutation_rate=0.01, seed 5)",1000000019,355,908,15380,297,23,4,0,False,0.15,"[-0.926635, -0.212873, -0.150451, 0.251384, -0.047103, -0.089358]"
"GA (mutation_rate=0.01, seed 6)",1000000000,94,256,4080,77,7,1,0,False,0.08,"[-0.933824, -0.222007, -0.163607, 0.197084, -0.086894, -0.074329]"
"GA (mutation_rate=0.01, seed 6)",1000000001,122,326,5600,95,9,3,0,False,0.06,"[-0.933824, -0.222007, -0.163607, 0.197084, -0.086894, -0.074329]"
"GA (mutation_rate=0.01, seed 6)",1000000002,265,683,11020,223,21,0,0,False,0.09,"[-0.933824, -0.222007, -0.163607, 0.197084, -0.086894, -0.074329]"
"GA (mutation_rate=0.01, seed 6)",1000000003,619,1568,26680,502,51,5,0,False,0.24,"[-0.933824, -0.222007, -0.163607, 0.197084, -0.086894, -0.074329]"
"GA (mutation_rate=0.01, seed 6)",1000000004,192,501,9160,159,13,1,1,False,0.07,"[-0.933824, -0.222007, -0.163607, 0.197084, -0.086894, -0.074329]"
"GA (mutation_rate=0.01, seed 6)",1000000005,44,131,1980,37,2,1,0,False,0.02,"[-0.933824, -0.222007, -0.163607, 0.197084, -0.086894, -0.074329]"
"GA (mutation_rate=0.01, seed 6)",1000000006,240,621,10620,168,33,2,0,False,0.09,"[-0.933824, -0.222007, -0.163607, 0.197084, -0.086894, -0.074329]"
"GA (mutation_rate=0.01, seed 6)",1000000007,160,420,8280,132,6,4,1,False,0.08,"[-0.933824, -0.222007, -0.163607, 0.197084, -0.086894, -0.074329]"
"GA (mutation_rate=0.01, seed 6)",1000000008,138,366,6080,112,10,2,0,False,0.06,"[-0.933824, -0.222007, -0.163607, 0.197084, -0.086894, -0.074329]"
"GA (mutation_rate=0.01, seed 6)",1000000009,261,673,11460,204,24,3,0,False,0.14,"[-0.933824, -0.222007, -0.163607, 0.197084, -0.086894, -0.074329]"
"GA (mutation_rate=0.01, seed 6)",1000000010,49,143,2220,38,4,1,0,False,0.03,"[-0.933824, -0.222007, -0.163607, 0.197084, -0.086894, -0.074329]"
"GA (mutation_rate=0.01, seed 6)",1000000011,69,194,2920,53,8,0,0,False,0.05,"[-0.933824, -0.222007, -0.163607, 0.197084, -0.086894, -0.074329]"
"GA (mutation_rate=0.01, seed 6)",1000000012,105,283,4560,84,9,1,0,False,0.04,"[-0.933824, -0.222007, -0.163607, 0.197084, -0.086894, -0.074329]"
"GA (mutation_rate=0.01, seed 6)",1000000013,97,263,4140,86,4,1,0,False,0.05,"[-0.933824, -0.222007, -0.163607, 0.197084, -0.086894, -0.074329]"
"GA (mutation_rate=0.01, seed 6)",1000000014,72,200,3120,63,3,1,0,False,0.03,"[-0.933824, -0.222007, -0.163607, 0.197084, -0.086894, -0.074329]"
"GA (mutation_rate=0.01, seed 6)",1000000015,64,180,3720,48,6,0,1,False,0.03,"[-0.933824, -0.222007, -0.163607, 0.197084, -0.086894, -0.074329]"
"GA (mutation_rate=0.01, seed 6)",1000000016,117,312,4960,104,5,1,0,False,0.06,"[-0.933824, -0.222007, -0.163607, 0.197084, -0.086894, -0.074329]"
"GA (mutation_rate=0.01, seed 6)",1000000017,120,321,5120,103,7,1,0,False,0.05,"[-0.933824, -0.222007, -0.163607, 0.197084, -0.086894, -0.074329]"
"GA (mutation_rate=0.01, seed 6)",1000000018,142,375,6420,113,10,3,0,False,0.06,"[-0.933824, -0.222007, -0.163607, 0.197084, -0.086894, -0.074329]"
"GA (mutation_rate=0.01, seed 6)",1000000019,43,128,2800,35,2,0,1,False,0.02,"[-0.933824, -0.222007, -0.163607, 0.197084, -0.086894, -0.074329]"
"GA (mutation_rate=0.01, seed 7)",1000000000,200,520,8240,176,12,0,0,False,0.08,"[-0.409804, -0.755995, -0.127902, -0.301381, -0.23751, -0.311338]"
"GA (mutation_rate=0.01, seed 7)",1000000001,341,873,14360,299,18,2,0,False,0.15,"[-0.409804, -0.755995, -0.127902, -0.301381, -0.23751, -0.311338]"
"GA (mutation_rate=0.01, seed 7)",1000000002,89,242,3580,87,1,0,0,False,0.05,"[-0.409804, -0.755995, -0.127902, -0.301381, -0.23751, -0.311338]"
"GA (mutation_rate=0.01, seed 7)",1000000003,115,309,4780,97,9,0,0,False,0.06,"[-0.409804, -0.755995, -0.127902, -0.301381, -0.23751, -0.311338]"
"GA (mutation_rate=0.01, seed 7)",1000000004,190,496,7820,168,11,0,0,False,0.09,"[-0.409804, -0.755995, -0.127902, -0.301381, -0.23751, -0.311338]"
"GA (mutation_rate=0.01, seed 7)",1000000005,629,1594,26600,530,45,3,0,False,0.3,"[-0.409804, -0.755995, -0.127902, -0.301381, -0.23751, -0.311338]"
"GA (mutation_rate=0.01, seed 7)",1000000006,169,443,7200,140,13,1,0,False,0.08,"[-0.409804, -0.755995, -0.127902, -0.301381, -0.23751, -0.311338]"
"GA (mutation_rate=0.01, seed 7)",1000000007,257,664,10800,220,17,1,0,False,0.11,"[-0.409804, -0.755995, -0.127902, -0.301381, -0.23751, -0.311338]"
"GA (mutation_rate=0.01, seed 7)",1000000008,23,79,940,21,1,0,0,False,0.01,"[-0.409804, -0.755995, -0.127902, -0.301381, -0.23751, -0.311338]"
"GA (mutation_rate=0.01, seed 7)",1000000009,54,155,2220,48,3,0,0,False,0.02,"[-0.409804, -0.755995, -0.127902, -0.301381, -0.23751, -0.311338]"
"GA (mutation_rate=0.01, seed 7)",1000000010,332,851,13980,277,26,1,0,False,0.15,"[-0.409804, -0.755995, -0.127902, -0.301381, -0.23751, -0.311338]"
"GA (mutation_rate=0.01, seed 7)",1000000011,63,179,2740,56,2,1,0,False,0.03,"[-0.409804, -0.755995, -0.127902, -0.301381, -0.23751, -0.311338]"
"GA (mutation_rate=0.01, seed 7)",1000000012,395,1008,16720,348,19,3,0,False,0.21,"[-0.409804, -0.755995, -0.127902, -0.301381, -0.23751, -0.311338]"
"GA (mutation_rate=0.01, seed 7)",1000000013,60,172,2480,52,4,0,0,False,0.04,"[-0.409804, -0.755995, -0.127902, -0.301381, -0.23751, -0.311338]"
"GA (mutation_rate=0.01, seed 7)",1000000014,56,160,2240,56,0,0,0,False,0.02,"[-0.409804, -0.755995, -0.127902, -0.301381, -0.23751, -0.311338]"
"GA (mutation_rate=0.01, seed 7)",1000000015,208,541,8680,172,18,0,0,False,0.11,"[-0.409804, -0.755995, -0.127902, -0.301381, -0.23751, -0.311338]"
"GA (mutation_rate=0.01, seed 7)",1000000016,136,361,5540,126,5,0,0,False,0.06,"[-0.409804, -0.755995, -0.127902, -0.301381, -0.23751, -0.311338]"
"GA (mutation_rate=0.01, seed 7)",1000000017,262,677,10980,227,16,1,0,False,0.1,"[-0.409804, -0.755995, -0.127902, -0.301381, -0.23751, -0.311338]"
"GA (mutation_rate=0.01, seed 7)",1000000018,94,255,3880,82,6,0,0,False,0.04,"[-0.409804, -0.755995, -0.127902, -0.301381, -0.23751, -0.311338]"
"GA (mutation_rate=0.01, seed 7)",1000000019,77,214,3160,69,4,0,0,False,0.04,"[-0.409804, -0.755995, -0.127902, -0.301381, -0.23751, -0.311338]"
"GA (mutation_rate=0.01, seed 8)",1000000000,610,1546,25640,516,44,2,0,False,0.25,"[-0.579158, -0.768886, -0.194559, -0.046055, -0.068531, -0.169466]"
"GA (mutation_rate=0.01, seed 8)",1000000001,231,598,9400,215,8,0,0,False,0.09,"[-0.579158, -0.768886, -0.194559, -0.046055, -0.068531, -0.169466]"
"GA (mutation_rate=0.01, seed 8)",1000000002,224,581,9640,186,16,2,0,False,0.1,"[-0.579158, -0.768886, -0.194559, -0.046055, -0.068531, -0.169466]"
"GA (mutation_rate=0.01, seed 8)",1000000003,117,313,4820,103,7,0,0,False,0.05,"[-0.579158, -0.768886, -0.194559, -0.046055, -0.068531, -0.169466]"
"GA (mutation_rate=0.01, seed 8)",1000000004,187,489,8820,153,15,0,1,False,0.09,"[-0.579158, -0.768886, -0.194559, -0.046055, -0.068531, -0.169466]"
"GA (mutation_rate=0.01, seed 8)",1000000005,36,110,1660,29,2,1,0,False,0.02,"[-0.579158, -0.768886, -0.194559, -0.046055, -0.068531, -0.169466]"
"GA (mutation_rate=0.01, seed 8)",1000000006,116,311,4780,102,7,0,0,False,0.05,"[-0.579158, -0.768886, -0.194559, -0.046055, -0.068531, -0.169466]"
"GA (mutation_rate=0.01, seed 8)",1000000007,114,306,4760,94,10,0,0,False,0.05,"[-0.579158, -0.768886, -0.194559, -0.046055, -0.068531, -0.169466]"
"GA (mutation_rate=0.01, seed 8)",1000000008,218,565,9540,181,14,3,0,False,0.09,"[-0.579158, -0.768886, -0.194559, -0.046055, -0.068531, -0.169466]"
"GA (mutation_rate=0.01, seed 8)",1000000009,292,751,12400,250,18,2,0,False,0.12,"[-0.579158, -0.768886, -0.194559, -0.046055, -0.068531, -0.169466]"
"GA (mutation_rate=0.01, seed 8)",1000000010,55,158,2280,47,4,0,0,False,0.03,"[-0.579158, -0.768886, -0.194559, -0.046055, -0.068531, -0.169466]"
"GA (mutation_rate=0.01, seed 8)",1000000011,64,181,2640,56,4,0,0,False,0.03,"[-0.579158, -0.768886, -0.194559, -0.046055, -0.068531, -0.169466]"
"GA (mutation_rate=0.01, seed 8)",1000000012,33,104,1360,29,2,0,0,False,0.02,"[-0.579158, -0.768886, -0.194559, -0.046055, -0.068531, -0.169466]"
"GA (mutation_rate=0.01, seed 8)",1000000013,179,469,7600,150,13,1,0,False,0.09,"[-0.579158, -0.768886, -0.194559, -0.046055, -0.068531, -0.169466]"
"GA (mutation_rate=0.01, seed 8)",1000000014,62,175,2500,60,1,0,0,False,0.03,"[-0.579158, -0.768886, -0.194559, -0.046055, -0.068531, -0.169466]"
"GA (mutation_rate=0.01, seed 8)",1000000015,50,146,2040,46,2,0,0,False,0.02,"[-0.579158, -0.768886, -0.194559, -0.046055, -0.068531, -0.169466]"
"GA (mutation_rate=0.01, seed 8)",1000000016,122,325,4940,116,3,0,0,False,0.06,"[-0.579158, -0.768886, -0.194559, -0.046055, -0.068531, -0.169466]"
"GA (mutation_rate=0.01, seed 8)",1000000017,142,376,6100,115,12,1,0,False,0.07,"[-0.579158, -0.768886, -0.194559, -0.046055, -0.068531, -0.169466]"
"GA (mutation_rate=0.01, seed 8)",1000000018,299,768,14780,232,28,1,2,False,0.12,"[-0.579158, -0.768886, -0.194559, -0.046055, -0.068531, -0.169466]"
"GA (mutation_rate=0.01, seed 8)",1000000019,107,289,4820,83,9,2,0,False,0.04,"[-0.579158, -0.768886, -0.194559, -0.046055, -0.068531, -0.169466]"
"GA (mutation_rate=0.01, seed 9)",1000000000,89,244,3760,69,10,0,0,False,0.03,"[-0.780194, -0.522169, -0.140232, 0.176412, -0.111334, -0.23549]"
"GA (mutation_rate=0.01, seed 9)",1000000001,22,75,940,16,3,0,0,False,0.01,"[-0.780194, -0.522169, -0.140232, 0.176412, -0.111334, -0.23549]"
"GA (mutation_rate=0.01, seed 9)",1000000002,252,651,10500,210,21,0,0,False,0.13,"[-0.780194, -0.522169, -0.140232, 0.176412, -0.111334, -0.23549]"
"GA (mutation_rate=0.01, seed 9)",1000000003,203,530,8520,163,20,0,0,False,0.08,"[-0.780194, -0.522169, -0.140232, 0.176412, -0.111334, -0.23549]"
"GA (mutation_rate=0.01, seed 9)",1000000004,371,948,15880,312,25,3,0,False,0.24,"[-0.780194, -0.522169, -0.140232, 0.176412, -0.111334, -0.23549]"
"GA (mutation_rate=0.01, seed 9)",1000000005,144,380,6040,131,5,1,0,False,0.1,"[-0.780194, -0.522169, -0.140232, 0.176412, -0.111334, -0.23549]"
"GA (mutation_rate=0.01, seed 9)",1000000006,497,1262,20600,425,36,0,0,False,0.33,"[-0.780194, -0.522169, -0.140232, 0.176412, -0.111334, -0.23549]"
"GA (mutation_rate=0.01, seed 9)",1000000007,60,172,2480,52,4,0,0,False,0.04,"[-0.780194, -0.522169, -0.140232, 0.176412, -0.111334, -0.23549]"
"GA (mutation_rate=0.01, seed 9)",1000000008,100,270,4340,81,8,1,0,False,0.05,"[-0.780194, -0.522169, -0.140232, 0.176412, -0.111334, -0.23549]"
"GA (mutation_rate=0.01, seed 9)",1000000009,80,221,3640,66,4,2,0,False,0.03,"[-0.780194, -0.522169, -0.140232, 0.176412, -0.111334, -0.23549]"
"GA (mutation_rate=0.01, seed 9)",1000000010,196,511,8260,169,12,1,0,False,0.15,"[-0.780194, -0.522169, -0.140232, 0.176412, -0.111334, -0.23549]"
"GA (mutation_rate=0.01, seed 9)",1000000011,161,424,7800,140,7,1,1,False,0.06,"[-0.780194, -0.522169, -0.140232, 0.176412, -0.111334, -0.23549]"
"GA (mutation_rate=0.01, seed 9)",1000000012,59,167,2420,53,3,0,0,False,0.03,"[-0.780194, -0.522169, -0.140232, 0.176412, -0.111334, -0.23549]"
"GA (mutation_rate=0.01, seed 9)",1000000013,579,1468,25180,492,40,1,1,False,0.28,"[-0.780194, -0.522169, -0.140232, 0.176412, -0.111334, -0.23549]"
"GA (mutation_rate=0.01, seed 9)",1000000014,99,269,4140,81,9,0,0,False,0.04,"[-0.780194, -0.522169, -0.140232, 0.176412, -0.111334, -0.23549]"
"GA (mutation_rate=0.01, seed 9)",1000000015,157,414,6740,126,14,1,0,False,0.06,"[-0.780194, -0.522169, -0.140232, 0.176412, -0.111334, -0.23549]"
"GA (mutation_rate=0.01, seed 9)",1000000016,32,101,1320,28,2,0,0,False,0.01,"[-0.780194, -0.522169, -0.140232, 0.176412, -0.111334, -0.23549]"
"GA (mutation_rate=0.01, seed 9)",1000000017,140,370,5780,122,9,0,0,False,0.05,"[-0.780194, -0.522169, -0.140232, 0.176412, -0.111334, -0.23549]"
"GA (mutation_rate=0.01, seed 9)",1000000018,71,198,2860,69,1,0,0,False,0.03,"[-0.780194, -0.522169, -0.140232, 0.176412, -0.111334, -0.23549]"
"GA (mutation_rate=0.01, seed 9)",1000000019,25,82,1040,21,2,0,0,False,0.01,"[-0.780194, -0.522169, -0.140232, 0.176412, -0.111334, -0.23549]"
"GA (mutation_rate=0.15, seed 0)",1000000000,144,381,6040,116,14,0,0,False,0.05,"[-0.976023, 0.019723, -0.091901, 0.08848, -0.115191, -0.132085]"
"GA (mutation_rate=0.15, seed 0)",1000000001,122,324,5220,103,8,1,0,False,0.05,"[-0.976023, 0.019723, -0.091901, 0.08848, -0.115191, -0.132085]"
"GA (mutation_rate=0.15, seed 0)",1000000002,75,208,4180,57,7,0,1,False,0.03,"[-0.976023, 0.019723, -0.091901, 0.08848, -0.115191, -0.132085]"
"GA (mutation_rate=0.15, seed 0)",1000000003,162,427,7020,138,9,2,0,False,0.06,"[-0.976023, 0.019723, -0.091901, 0.08848, -0.115191, -0.132085]"
"GA (mutation_rate=0.15, seed 0)",1000000004,298,765,12560,249,23,1,0,False,0.12,"[-0.976023, 0.019723, -0.091901, 0.08848, -0.115191, -0.132085]"
"GA (mutation_rate=0.15, seed 0)",1000000005,240,621,12540,191,16,3,2,False,0.1,"[-0.976023, 0.019723, -0.091901, 0.08848, -0.115191, -0.132085]"
"GA (mutation_rate=0.15, seed 0)",1000000006,203,529,8880,157,20,2,0,False,0.09,"[-0.976023, 0.019723, -0.091901, 0.08848, -0.115191, -0.132085]"
"GA (mutation_rate=0.15, seed 0)",1000000007,74,206,3100,60,7,0,0,False,0.04,"[-0.976023, 0.019723, -0.091901, 0.08848, -0.115191, -0.132085]"
"GA (mutation_rate=0.15, seed 0)",1000000008,124,331,5140,106,9,0,0,False,0.06,"[-0.976023, 0.019723, -0.091901, 0.08848, -0.115191, -0.132085]"
"GA (mutation_rate=0.15, seed 0)",1000000009,434,1106,19080,352,32,6,0,False,0.17,"[-0.976023, 0.019723, -0.091901, 0.08848, -0.115191, -0.132085]"
"GA (mutation_rate=0.15, seed 0)",1000000010,33,103,1400,25,4,0,0,False,0.01,"[-0.976023, 0.019723, -0.091901, 0.08848, -0.115191, -0.132085]"
"GA (mutation_rate=0.15, seed 0)",1000000011,192,501,8580,147,18,3,0,False,0.07,"[-0.976023, 0.019723, -0.091901, 0.08848, -0.115191, -0.132085]"
"GA (mutation_rate=0.15, seed 0)",1000000012,231,599,12200,180,17,3,2,False,0.09,"[-0.976023, 0.019723, -0.091901, 0.08848, -0.115191, -0.132085]"
"GA (mutation_rate=0.15, seed 0)",1000000013,145,383,6200,120,11,1,0,False,0.08,"[-0.976023, 0.019723, -0.091901, 0.08848, -0.115191, -0.132085]"
"GA (mutation_rate=0.15, seed 0)",1000000014,22,76,940,16,3,0,0,False,0.01,"[-0.976023, 0.019723, -0.091901, 0.08848, -0.115191, -0.132085]"
"GA (mutation_rate=0.15, seed 0)",1000000015,193,504,9060,134,22,5,0,False,0.07,"[-0.976023, 0.019723, -0.091901, 0.08848, -0.115191, -0.132085]"
"GA (mutation_rate=0.15, seed 0)",1000000016,284,731,13340,231,20,3,1,False,0.12,"[-0.976023, 0.019723, -0.091901, 0.08848, -0.115191, -0.132085]"
"GA (mutation_rate=0.15, seed 0)",1000000017,113,303,4820,98,6,1,0,False,0.05,"[-0.976023, 0.019723, -0.091901, 0.08848, -0.115191, -0.132085]"
"GA (mutation_rate=0.15, seed 0)",1000000018,47,138,1920,43,2,0,0,False,0.02,"[-0.976023, 0.019723, -0.091901, 0.08848, -0.115191, -0.132085]"
"GA (mutation_rate=0.15, seed 0)",1000000019,28,91,1180,22,3,0,0,False,0.02,"[-0.976023, 0.019723, -0.091901, 0.08848, -0.115191, -0.132085]"
"GA (mutation_rate=0.15, seed 1)",1000000000,49,143,2060,39,5,0,0,False,0.02,"[-0.749995, -0.612679, -0.116109, 0.036421, -0.101736, -0.192284]"
"GA (mutation_rate=0.15, seed 1)",1000000001,82,227,3380,72,5,0,0,False,0.03,"[-0.749995, -0.612679, -0.116109, 0.036421, -0.101736, -0.192284]"
"GA (mutation_rate=0.15, seed 1)",1000000002,535,1358,24740,406,52,7,1,False,0.2,"[-0.749995, -0.612679, -0.116109, 0.036421, -0.101736, -0.192284]"
"GA (mutation_rate=0.15, seed 1)",1000000003,231,598,9580,197,17,0,0,False,0.09,"[-0.749995, -0.612679, -0.116109, 0.036421, -0.101736, -0.192284]"
"GA (mutation_rate=0.15, seed 1)",1000000004,64,181,2660,54,5,0,0,False,0.03,"[-0.749995, -0.612679, -0.116109, 0.036421, -0.101736, -0.192284]"
"GA (mutation_rate=0.15, seed 1)",1000000005,81,223,3520,68,5,1,0,False,0.03,"[-0.749995, -0.612679, -0.116109, 0.036421, -0.101736, -0.192284]"
"GA (mutation_rate=0.15, seed 1)",1000000006,295,759,12420,248,22,1,0,False,0.11,"[-0.749995, -0.612679, -0.116109, 0.036421, -0.101736, -0.192284]"
"GA (mutation_rate=0.15, seed 1)",1000000007,88,241,3800,75,5,1,0,False,0.05,"[-0.749995, -0.612679, -0.116109, 0.036421, -0.101736, -0.192284]"
"GA (mutation_rate=0.15, seed 1)",1000000008,58,166,2400,50,4,0,0,False,0.03,"[-0.749995, -0.612679, -0.116109, 0.036421, -0.101736, -0.192284]"
"GA (mutation_rate=0.15, seed 1)",1000000009,45,133,1800,45,0,0,0,False,0.02,"[-0.749995, -0.612679, -0.116109, 0.036421, -0.101736, -0.192284]"
"GA (mutation_rate=0.15, seed 1)",1000000010,42,125,1900,35,2,1,0,False,0.02,"[-0.749995, -0.612679, -0.116109, 0.036421, -0.101736, -0.192284]"
"GA (mutation_rate=0.15, seed 1)",1000000011,95,258,4280,77,6,2,0,False,0.04,"[-0.749995, -0.612679, -0.116109, 0.036421, -0.101736, -0.192284]"
"GA (mutation_rate=0.15, seed 1)",1000000012,139,368,5820,113,13,0,0,False,0.05,"[-0.749995, -0.612679, -0.116109, 0.036421, -0.101736, -0.192284]"
"GA (mutation_rate=0.15, seed 1)",1000000013,252,651,10640,211,19,1,0,False,0.1,"[-0.749995, -0.612679, -0.116109, 0.036421, -0.101736, -0.192284]"
"GA (mutation_rate=0.15, seed 1)",1000000014,22,76,940,16,3,0,0,False,0.01,"[-0.749995, -0.612679, -0.116109, 0.036421, -0.101736, -0.192284]"
"GA (mutation_rate=0.15, seed 1)",1000000015,463,1177,20040,371,40,4,0,False,0.19,"[-0.749995, -0.612679, -0.116109, 0.036421, -0.101736, -0.192284]"
"GA (mutation_rate=0.15, seed 1)",1000000016,32,101,1320,28,2,0,0,False,0.02,"[-0.749995, -0.612679, -0.116109, 0.036421, -0.101736, -0.192284]"
"GA (mutation_rate=0.15, seed 1)",1000000017,18,65,740,16,1,0,0,False,0.01,"[-0.749995, -0.612679, -0.116109, 0.036421, -0.101736, -0.192284]"
"GA (mutation_rate=0.15, seed 1)",1000000018,813,2052,35220,673,65,2,1,False,0.32,"[-0.749995, -0.612679, -0.116109, 0.036421, -0.101736, -0.192284]"
"GA (mutation_rate=0.15, seed 1)",1000000019,20,70,820,18,1,0,0,False,0.01,"[-0.749995, -0.612679, -0.116109, 0.036421, -0.101736, -0.192284]"
"GA (mutation_rate=0.15, seed 2)",1000000000,784,1981,35300,625,64,9,1,False,0.34,"[0.007459, -0.870578, -0.089531, 0.424286, -0.152235, -0.175579]"
"GA (mutation_rate=0.15, seed 2)",1000000001,291,749,13260,229,29,0,1,False,0.11,"[0.007459, -0.870578, -0.089531, 0.424286, -0.152235, -0.175579]"
"GA (mutation_rate=0.15, seed 2)",1000000002,1080,2720,45560,874,100,2,0,False,0.42,"[0.007459, -0.870578, -0.089531, 0.424286, -0.152235, -0.175579]"
"GA (mutation_rate=0.15, seed 2)",1000000003,89,244,3880,72,7,1,0,False,0.04,"[0.007459, -0.870578, -0.089531, 0.424286, -0.152235, -0.175579]"
"GA (mutation_rate=0.15, seed 2)",1000000004,191,498,8440,141,22,2,0,False,0.08,"[0.007459, -0.870578, -0.089531, 0.424286, -0.152235, -0.175579]"
"GA (mutation_rate=0.15, seed 2)",1000000005,670,1694,29960,529,61,5,1,False,0.32,"[0.007459, -0.870578, -0.089531, 0.424286, -0.152235, -0.175579]"
"GA (mutation_rate=0.15, seed 2)",1000000006,162,426,6780,132,15,0,0,False,0.06,"[0.007459, -0.870578, -0.089531, 0.424286, -0.152235, -0.175579]"
"GA (mutation_rate=0.15, seed 2)",1000000007,48,141,2000,40,4,0,0,False,0.02,"[0.007459, -0.870578, -0.089531, 0.424286, -0.152235, -0.175579]"
"GA (mutation_rate=0.15, seed 2)",1000000008,99,268,4140,81,9,0,0,False,0.04,"[0.007459, -0.870578, -0.089531, 0.424286, -0.152235, -0.175579]"
"GA (mutation_rate=0.15, seed 2)",1000000009,173,452,8200,145,12,0,1,False,0.07,"[0.007459, -0.870578, -0.089531, 0.424286, -0.152235, -0.175579]"
"GA (mutation_rate=0.15, seed 2)",1000000010,411,1047,18640,321,40,2,1,False,0.16,"[0.007459, -0.870578, -0.089531, 0.424286, -0.152235, -0.175579]"
"GA (mutation_rate=0.15, seed 2)",1000000011,90,245,5220,58,11,2,1,False,0.04,"[0.007459, -0.870578, -0.089531, 0.424286, -0.152235, -0.175579]"
"GA (mutation_rate=0.15, seed 2)",1000000012,88,240,3900,65,10,1,0,False,0.04,"[0.007459, -0.870578, -0.089531, 0.424286, -0.152235, -0.175579]"
"GA (mutation_rate=0.15, seed 2)",1000000013,298,766,12440,246,26,0,0,False,0.13,"[0.007459, -0.870578, -0.089531, 0.424286, -0.152235, -0.175579]"
"GA (mutation_rate=0.15, seed 2)",1000000014,48,140,2020,38,5,0,0,False,0.02,"[0.007459, -0.870578, -0.089531, 0.424286, -0.152235, -0.175579]"
"GA (mutation_rate=0.15, seed 2)",1000000015,1006,2536,45640,786,94,8,2,False,0.38,"[0.007459, -0.870578, -0.089531, 0.424286, -0.152235, -0.175579]"
"GA (mutation_rate=0.15, seed 2)",1000000016,1143,2878,50940,901,101,12,1,False,0.48,"[0.007459, -0.870578, -0.089531, 0.424286, -0.152235, -0.175579]"
"GA (mutation_rate=0.15, seed 2)",1000000017,1193,3002,53660,934,112,9,2,False,0.52,"[0.007459, -0.870578, -0.089531, 0.424286, -0.152235, -0.175579]"
"GA (mutation_rate=0.15, seed 2)",1000000018,936,2361,42800,720,92,8,2,False,0.38,"[0.007459, -0.870578, -0.089531, 0.424286, -0.152235, -0.175579]"
"GA (mutation_rate=0.15, seed 2)",1000000019,41,123,1740,31,5,0,0,False,0.03,"[0.007459, -0.870578, -0.089531, 0.424286, -0.152235, -0.175579]"
"GA (mutation_rate=0.15, seed 3)",1000000000,922,2326,41200,780,58,6,2,False,0.41,"[-0.631817, -0.299316, -0.133417, 0.691294, -0.043207, -0.11689]"
"GA (mutation_rate=0.15, seed 3)",1000000001,231,598,9400,215,8,0,0,False,0.13,"[-0.631817, -0.299316, -0.133417, 0.691294, -0.043207, -0.11689]"
"GA (mutation_rate=0.15, seed 3)",1000000002,224,581,9640,186,16,2,0,False,0.09,"[-0.631817, -0.299316, -0.133417, 0.691294, -0.043207, -0.11689]"
"GA (mutation_rate=0.15, seed 3)",1000000003,269,693,11140,231,19,0,0,False,0.12,"[-0.631817, -0.299316, -0.133417, 0.691294, -0.043207, -0.11689]"
"GA (mutation_rate=0.15, seed 3)",1000000004,187,489,8820,153,15,0,1,False,0.1,"[-0.631817, -0.299316, -0.133417, 0.691294, -0.043207, -0.11689]"
"GA (mutation_rate=0.15, seed 3)",1000000005,36,110,1660,29,2,1,0,False,0.02,"[-0.631817, -0.299316, -0.133417, 0.691294, -0.043207, -0.11689]"
"GA (mutation_rate=0.15, seed 3)",1000000006,116,311,4780,102,7,0,0,False,0.05,"[-0.631817, -0.299316, -0.133417, 0.691294, -0.043207, -0.11689]"
"GA (mutation_rate=0.15, seed 3)",1000000007,122,325,5080,102,10,0,0,False,0.05,"[-0.631817, -0.299316, -0.133417, 0.691294, -0.043207, -0.11689]"
"GA (mutation_rate=0.15, seed 3)",1000000008,218,565,9540,181,14,3,0,False,0.09,"[-0.631817, -0.299316, -0.133417, 0.691294, -0.043207, -0.11689]"
"GA (mutation_rate=0.15, seed 3)",1000000009,292,751,12400,250,18,2,0,False,0.12,"[-0.631817, -0.299316, -0.133417, 0.691294, -0.043207, -0.11689]"
"GA (mutation_rate=0.15, seed 3)",1000000010,35,109,1440,31,2,0,0,False,0.02,"[-0.631817, -0.299316, -0.133417, 0.691294, -0.043207, -0.11689]"
"GA (mutation_rate=0.15, seed 3)",1000000011,64,181,2640,56,4,0,0,False,0.03,"[-0.631817, -0.299316, -0.133417, 0.691294, -0.043207, -0.11689]"
"GA (mutation_rate=0.15, seed 3)",1000000012,33,104,1360,29,2,0,0,False,0.02,"[-0.631817, -0.299316, -0.133417, 0.691294, -0.043207, -0.11689]"
"GA (mutation_rate=0.15, seed 3)",1000000013,325,832,14140,271,21,4,0,False,0.13,"[-0.631817, -0.299316, -0.133417, 0.691294, -0.043207, -0.11689]"
"GA (mutation_rate=0.15, seed 3)",1000000014,62,175,2500,60,1,0,0,False,0.03,"[-0.631817, -0.299316, -0.133417, 0.691294, -0.043207, -0.11689]"
"GA (mutation_rate=0.15, seed 3)",1000000015,48,141,1960,44,2,0,0,False,0.02,"[-0.631817, -0.299316, -0.133417, 0.691294, -0.043207, -0.11689]"
"GA (mutation_rate=0.15, seed 3)",1000000016,293,754,12240,256,17,1,0,False,0.11,"[-0.631817, -0.299316, -0.133417, 0.691294, -0.043207, -0.11689]"
"GA (mutation_rate=0.15, seed 3)",1000000017,142,376,6100,115,12,1,0,False,0.06,"[-0.631817, -0.299316, -0.133417, 0.691294, -0.043207, -0.11689]"
"GA (mutation_rate=0.15, seed 3)",1000000018,447,1139,21040,361,36,2,2,False,0.19,"[-0.631817, -0.299316, -0.133417, 0.691294, -0.043207, -0.11689]"
"GA (mutation_rate=0.15, seed 3)",1000000019,411,1049,17300,355,25,2,0,False,0.19,"[-0.631817, -0.299316, -0.133417, 0.691294, -0.043207, -0.11689]"
"GA (mutation_rate=0.15, seed 4)",1000000000,85,233,3620,63,11,0,0,False,0.05,"[-0.33071, -0.806339, -0.11204, -0.423429, -0.146633, -0.16463]"
"GA (mutation_rate=0.15, seed 4)",1000000001,238,615,10400,195,17,3,0,False,0.15,"[-0.33071, -0.806339, -0.11204, -0.423429, -0.146633, -0.16463]"
"GA (mutation_rate=0.15, seed 4)",1000000002,118,316,6000,90,12,0,1,False,0.06,"[-0.33071, -0.806339, -0.11204, -0.423429, -0.146633, -0.16463]"
"GA (mutation_rate=0.15, seed 4)",1000000003,193,502,8580,152,16,3,0,False,0.1,"[-0.33071, -0.806339, -0.11204, -0.423429, -0.146633, -0.16463]"
"GA (mutation_rate=0.15, seed 4)",1000000004,366,935,15580,302,29,2,0,False,0.17,"[-0.33071, -0.806339, -0.11204, -0.423429, -0.146633, -0.16463]"
"GA (mutation_rate=0.15, seed 4)",1000000005,188,490,10140,156,9,2,2,False,0.11,"[-0.33071, -0.806339, -0.11204, -0.423429, -0.146633, -0.16463]"
"GA (mutation_rate=0.15, seed 4)",1000000006,203,529,8880,157,20,2,0,False,0.11,"[-0.33071, -0.806339, -0.11204, -0.423429, -0.146633, -0.16463]"
"GA (mutation_rate=0.15, seed 4)",1000000007,584,1481,26720,478,46,2,2,False,0.22,"[-0.33071, -0.806339, -0.11204, -0.423429, -0.146633, -0.16463]"
"GA (mutation_rate=0.15, seed 4)",1000000008,70,196,2900,60,5,0,0,False,0.03,"[-0.33071, -0.806339, -0.11204, -0.423429, -0.146633, -0.16463]"
"GA (mutation_rate=0.15, seed 4)",1000000009,261,672,12500,200,24,3,1,False,0.1,"[-0.33071, -0.806339, -0.11204, -0.423429, -0.146633, -0.16463]"
"GA (mutation_rate=0.15, seed 4)",1000000010,33,103,1400,25,4,0,0,False,0.01,"[-0.33071, -0.806339, -0.11204, -0.423429, -0.146633, -0.16463]"
"GA (mutation_rate=0.15, seed 4)",1000000011,103,278,5460,84,6,1,1,False,0.04,"[-0.33071, -0.806339, -0.11204, -0.423429, -0.146633, -0.16463]"
"GA (mutation_rate=0.15, seed 4)",1000000012,728,1840,33280,587,59,5,2,False,0.27,"[-0.33071, -0.806339, -0.11204, -0.423429, -0.146633, -0.16463]"
"GA (mutation_rate=0.15, seed 4)",1000000013,141,374,6240,111,12,2,0,False,0.05,"[-0.33071, -0.806339, -0.11204, -0.423429, -0.146633, -0.16463]"
"GA (mutation_rate=0.15, seed 4)",1000000014,22,76,940,16,3,0,0,False,0.01,"[-0.33071, -0.806339, -0.11204, -0.423429, -0.146633, -0.16463]"
"GA (mutation_rate=0.15, seed 4)",1000000015,66,185,2920,53,5,1,0,False,0.03,"[-0.33071, -0.806339, -0.11204, -0.423429, -0.146633, -0.16463]"
"GA (mutation_rate=0.15, seed 4)",1000000016,535,1359,23520,453,36,2,1,False,0.21,"[-0.33071, -0.806339, -0.11204, -0.423429, -0.146633, -0.16463]"
"GA (mutation_rate=0.15, seed 4)",1000000017,158,416,6920,128,12,2,0,False,0.07,"[-0.33071, -0.806339, -0.11204, -0.423429, -0.146633, -0.16463]"
"GA (mutation_rate=0.15, seed 4)",1000000018,65,184,2660,59,3,0,0,False,0.03,"[-0.33071, -0.806339, -0.11204, -0.423429, -0.146633, -0.16463]"
"GA (mutation_rate=0.15, seed 4)",1000000019,28,91,1180,22,3,0,0,False,0.01,"[-0.33071, -0.806339, -0.11204, -0.423429, -0.146633, -0.16463]"
"GA (mutation_rate=0.15, seed 5)",1000000000,85,233,3620,63,11,0,0,False,0.03,"[-0.788609, -0.544659, -0.138353, -0.036363, -0.153035, -0.193802]"
"GA (mutation_rate=0.15, seed 5)",1000000001,122,325,5240,101,9,1,0,False,0.05,"[-0.788609, -0.544659, -0.138353, -0.036363, -0.153035, -0.193802]"
"GA (mutation_rate=0.15, seed 5)",1000000002,118,316,6000,90,12,0,1,False,0.05,"[-0.788609, -0.544659, -0.138353, -0.036363, -0.153035, -0.193802]"
"GA (mutation_rate=0.15, seed 5)",1000000003,133,352,5560,109,12,0,0,False,0.06,"[-0.788609, -0.544659, -0.138353, -0.036363, -0.153035, -0.193802]"
"GA (mutation_rate=0.15, seed 5)",1000000004,128,341,5340,106,11,0,0,False,0.05,"[-0.788609, -0.544659, -0.138353, -0.036363, -0.153035, -0.193802]"
"GA (mutation_rate=0.15, seed 5)",1000000005,240,621,12540,191,16,3,2,False,0.09,"[-0.788609, -0.544659, -0.138353, -0.036363, -0.153035, -0.193802]"
"GA (mutation_rate=0.15, seed 5)",1000000006,235,609,9700,205,15,0,0,False,0.09,"[-0.788609, -0.544659, -0.138353, -0.036363, -0.153035, -0.193802]"
"GA (mutation_rate=0.15, seed 5)",1000000007,100,271,4300,85,6,1,0,False,0.04,"[-0.788609, -0.544659, -0.138353, -0.036363, -0.153035, -0.193802]"
"GA (mutation_rate=0.15, seed 5)",1000000008,70,196,2900,60,5,0,0,False,0.03,"[-0.788609, -0.544659, -0.138353, -0.036363, -0.153035, -0.193802]"
"GA (mutation_rate=0.15, seed 5)",1000000009,146,384,7260,119,10,1,1,False,0.06,"[-0.788609, -0.544659, -0.138353, -0.036363, -0.153035, -0.193802]"
"GA (mutation_rate=0.15, seed 5)",1000000010,33,103,1400,25,4,0,0,False,0.01,"[-0.788609, -0.544659, -0.138353, -0.036363, -0.153035, -0.193802]"
"GA (mutation_rate=0.15, seed 5)",1000000011,103,278,5460,84,6,1,1,False,0.04,"[-0.788609, -0.544659, -0.138353, -0.036363, -0.153035, -0.193802]"
"GA (mutation_rate=0.15, seed 5)",1000000012,433,1103,21320,338,33,7,2,False,0.19,"[-0.788609, -0.544659, -0.138353, -0.036363, -0.153035, -0.193802]"
"GA (mutation_rate=0.15, seed 5)",1000000013,205,535,8660,174,14,1,0,False,0.08,"[-0.788609, -0.544659, -0.138353, -0.036363, -0.153035, -0.193802]"
"GA (mutation_rate=0.15, seed 5)",1000000014,22,76,940,16,3,0,0,False,0.01,"[-0.788609, -0.544659, -0.138353, -0.036363, -0.153035, -0.193802]"
"GA (mutation_rate=0.15, seed 5)",1000000015,66,185,2920,53,5,1,0,False,0.03,"[-0.788609, -0.544659, -0.138353, -0.036363, -0.153035, -0.193802]"
"GA (mutation_rate=0.15, seed 5)",1000000016,846,2136,37880,717,53,5,2,False,0.35,"[-0.788609, -0.544659, -0.138353, -0.036363, -0.153035, -0.193802]"
"GA (mutation_rate=0.15, seed 5)",1000000017,148,390,6140,126,11,0,0,False,0.07,"[-0.788609, -0.544659, -0.138353, -0.036363, -0.153035, -0.193802]"
"GA (mutation_rate=0.15, seed 5)",1000000018,68,190,2820,58,5,0,0,False,0.03,"[-0.788609, -0.544659, -0.138353, -0.036363, -0.153035, -0.193802]"
"GA (mutation_rate=0.15, seed 5)",1000000019,25,83,1040,21,2,0,0,False,0.01,"[-0.788609, -0.544659, -0.138353, -0.036363, -0.153035, -0.193802]"
"GA (mutation_rate=0.15, seed 6)",1000000000,133,352,5600,105,14,0,0,False,0.05,"[-0.79868, -0.520001, -0.152302, -0.114185, -0.037396, -0.232543]"
"GA (mutation_rate=0.15, seed 6)",1000000001,19,68,820,13,3,0,0,False,0.01,"[-0.79868, -0.520001, -0.152302, -0.114185, -0.037396, -0.232543]"
"GA (mutation_rate=0.15, seed 6)",1000000002,56,161,2520,43,5,1,0,False,0.03,"[-0.79868, -0.520001, -0.152302, -0.114185, -0.037396, -0.232543]"
"GA (mutation_rate=0.15, seed 6)",1000000003,363,928,15160,314,23,1,0,False,0.15,"[-0.79868, -0.520001, -0.152302, -0.114185, -0.037396, -0.232543]"
"GA (mutation_rate=0.15, seed 6)",1000000004,228,591,9740,181,22,1,0,False,0.09,"[-0.79868, -0.520001, -0.152302, -0.114185, -0.037396, -0.232543]"
"GA (mutation_rate=0.15, seed 6)",1000000005,65,184,2640,61,2,0,0,False,0.03,"[-0.79868, -0.520001, -0.152302, -0.114185, -0.037396, -0.232543]"
"GA (mutation_rate=0.15, seed 6)",1000000006,111,298,4620,93,9,0,0,False,0.05,"[-0.79868, -0.520001, -0.152302, -0.114185, -0.037396, -0.232543]"
"GA (mutation_rate=0.15, seed 6)",1000000007,304,781,13040,246,26,2,0,False,0.12,"[-0.79868, -0.520001, -0.152302, -0.114185, -0.037396, -0.232543]"
"GA (mutation_rate=0.15, seed 6)",1000000008,227,589,10440,191,16,0,1,False,0.1,"[-0.79868, -0.520001, -0.152302, -0.114185, -0.037396, -0.232543]"
"GA (mutation_rate=0.15, seed 6)",1000000009,91,248,4260,74,4,3,0,False,0.03,"[-0.79868, -0.520001, -0.152302, -0.114185, -0.037396, -0.232543]"
"GA (mutation_rate=0.15, seed 6)",1000000010,210,546,8820,183,12,1,0,False,0.08,"[-0.79868, -0.520001, -0.152302, -0.114185, -0.037396, -0.232543]"
"GA (mutation_rate=0.15, seed 6)",1000000011,209,543,8580,187,11,0,0,False,0.08,"[-0.79868, -0.520001, -0.152302, -0.114185, -0.037396, -0.232543]"
"GA (mutation_rate=0.15, seed 6)",1000000012,170,445,7200,145,11,1,0,False,0.06,"[-0.79868, -0.520001, -0.152302, -0.114185, -0.037396, -0.232543]"
"GA (mutation_rate=0.15, seed 6)",1000000013,189,493,8260,164,8,3,0,False,0.08,"[-0.79868, -0.520001, -0.152302, -0.114185, -0.037396, -0.232543]"
"GA (mutation_rate=0.15, seed 6)",1000000014,58,166,2560,49,3,1,0,False,0.02,"[-0.79868, -0.520001, -0.152302, -0.114185, -0.037396, -0.232543]"
"GA (mutation_rate=0.15, seed 6)",1000000015,67,188,3040,46,9,1,0,False,0.03,"[-0.79868, -0.520001, -0.152302, -0.114185, -0.037396, -0.232543]"
"GA (mutation_rate=0.15, seed 6)",1000000016,32,101,1320,28,2,0,0,False,0.02,"[-0.79868, -0.520001, -0.152302, -0.114185, -0.037396, -0.232543]"
"GA (mutation_rate=0.15, seed 6)",1000000017,372,951,15380,322,25,0,0,False,0.18,"[-0.79868, -0.520001, -0.152302, -0.114185, -0.037396, -0.232543]"
"GA (mutation_rate=0.15, seed 6)",1000000018,259,669,10780,232,12,1,0,False,0.15,"[-0.79868, -0.520001, -0.152302, -0.114185, -0.037396, -0.232543]"
"GA (mutation_rate=0.15, seed 6)",1000000019,35,108,1520,23,6,0,0,False,0.02,"[-0.79868, -0.520001, -0.152302, -0.114185, -0.037396, -0.232543]"
"GA (mutation_rate=0.15, seed 7)",1000000000,180,472,7680,147,15,1,0,False,0.09,"[-0.9592, -0.028696, -0.080147, 0.066713, -0.181606, -0.187767]"
"GA (mutation_rate=0.15, seed 7)",1000000001,543,1378,22820,448,46,1,0,False,0.2,"[-0.9592, -0.028696, -0.080147, 0.066713, -0.181606, -0.187767]"
"GA (mutation_rate=0.15, seed 7)",1000000002,123,328,5080,107,8,0,0,False,0.05,"[-0.9592, -0.028696, -0.080147, 0.066713, -0.181606, -0.187767]"
"GA (mutation_rate=0.15, seed 7)",1000000003,37,114,1680,32,1,1,0,False,0.02,"[-0.9592, -0.028696, -0.080147, 0.066713, -0.181606, -0.187767]"
"GA (mutation_rate=0.15, seed 7)",1000000004,57,163,2340,51,3,0,0,False,0.02,"[-0.9592, -0.028696, -0.080147, 0.066713, -0.181606, -0.187767]"
"GA (mutation_rate=0.15, seed 7)",1000000005,94,256,4220,78,5,2,0,False,0.05,"[-0.9592, -0.028696, -0.080147, 0.066713, -0.181606, -0.187767]"
"GA (mutation_rate=0.15, seed 7)",1000000006,96,260,3960,84,6,0,0,False,0.04,"[-0.9592, -0.028696, -0.080147, 0.066713, -0.181606, -0.187767]"
"GA (mutation_rate=0.15, seed 7)",1000000007,119,318,5120,98,9,1,0,False,0.06,"[-0.9592, -0.028696, -0.080147, 0.066713, -0.181606, -0.187767]"
"GA (mutation_rate=0.15, seed 7)",1000000008,147,388,7280,122,9,1,1,False,0.06,"[-0.9592, -0.028696, -0.080147, 0.066713, -0.181606, -0.187767]"
"GA (mutation_rate=0.15, seed 7)",1000000009,88,241,3600,80,4,0,0,False,0.04,"[-0.9592, -0.028696, -0.080147, 0.066713, -0.181606, -0.187767]"
"GA (mutation_rate=0.15, seed 7)",1000000010,54,155,2260,44,5,0,0,False,0.02,"[-0.9592, -0.028696, -0.080147, 0.066713, -0.181606, -0.187767]"
"GA (mutation_rate=0.15, seed 7)",1000000011,65,183,2920,48,7,1,0,False,0.03,"[-0.9592, -0.028696, -0.080147, 0.066713, -0.181606, -0.187767]"
"GA (mutation_rate=0.15, seed 7)",1000000012,349,894,14540,291,29,0,0,False,0.14,"[-0.9592, -0.028696, -0.080147, 0.066713, -0.181606, -0.187767]"
"GA (mutation_rate=0.15, seed 7)",1000000013,255,658,10600,215,20,0,0,False,0.1,"[-0.9592, -0.028696, -0.080147, 0.066713, -0.181606, -0.187767]"
"GA (mutation_rate=0.15, seed 7)",1000000014,122,326,5300,95,12,1,0,False,0.05,"[-0.9592, -0.028696, -0.080147, 0.066713, -0.181606, -0.187767]"
"GA (mutation_rate=0.15, seed 7)",1000000015,604,1531,25900,505,42,5,0,False,0.25,"[-0.9592, -0.028696, -0.080147, 0.066713, -0.181606, -0.187767]"
"GA (mutation_rate=0.15, seed 7)",1000000016,149,394,6520,123,10,2,0,False,0.06,"[-0.9592, -0.028696, -0.080147, 0.066713, -0.181606, -0.187767]"
"GA (mutation_rate=0.15, seed 7)",1000000017,39,119,1600,35,2,0,0,False,0.02,"[-0.9592, -0.028696, -0.080147, 0.066713, -0.181606, -0.187767]"
"GA (mutation_rate=0.15, seed 7)",1000000018,234,605,10660,179,20,5,0,False,0.08,"[-0.9592, -0.028696, -0.080147, 0.066713, -0.181606, -0.187767]"
"GA (mutation_rate=0.15, seed 7)",1000000019,271,699,11360,234,17,1,0,False,0.11,"[-0.9592, -0.028696, -0.080147, 0.066713, -0.181606, -0.187767]"
"GA (mutation_rate=0.15, seed 8)",1000000000,230,595,9620,188,21,0,0,False,0.08,"[-0.629406, -0.721287, -0.129476, -0.004387, -0.175142, -0.190092]"
"GA (mutation_rate=0.15, seed 8)",1000000001,122,324,5220,103,8,1,0,False,0.05,"[-0.629406, -0.721287, -0.129476, -0.004387, -0.175142, -0.190092]"
"GA (mutation_rate=0.15, seed 8)",1000000002,75,208,4180,57,7,0,1,False,0.03,"[-0.629406, -0.721287, -0.129476, -0.004387, -0.175142, -0.190092]"
"GA (mutation_rate=0.15, seed 8)",1000000003,162,427,7020,138,9,2,0,False,0.06,"[-0.629406, -0.721287, -0.129476, -0.004387, -0.175142, -0.190092]"
"GA (mutation_rate=0.15, seed 8)",1000000004,298,765,12560,249,23,1,0,False,0.12,"[-0.629406, -0.721287, -0.129476, -0.004387, -0.175142, -0.190092]"
"GA (mutation_rate=0.15, seed 8)",1000000005,240,621,12540,191,16,3,2,False,0.09,"[-0.629406, -0.721287, -0.129476, -0.004387, -0.175142, -0.190092]"
"GA (mutation_rate=0.15, seed 8)",1000000006,203,529,8880,157,20,2,0,False,0.09,"[-0.629406, -0.721287, -0.129476, -0.004387, -0.175142, -0.190092]"
"GA (mutation_rate=0.15, seed 8)",1000000007,74,206,3100,60,7,0,0,False,0.03,"[-0.629406, -0.721287, -0.129476, -0.004387, -0.175142, -0.190092]"
"GA (mutation_rate=0.15, seed 8)",1000000008,124,331,5140,106,9,0,0,False,0.04,"[-0.629406, -0.721287, -0.129476, -0.004387, -0.175142, -0.190092]"
"GA (mutation_rate=0.15, seed 8)",1000000009,434,1106,19080,352,32,6,0,False,0.17,"[-0.629406, -0.721287, -0.129476, -0.004387, -0.175142, -0.190092]"
"GA (mutation_rate=0.15, seed 8)",1000000010,33,103,1400,25,4,0,0,False,0.01,"[-0.629406, -0.721287, -0.129476, -0.004387, -0.175142, -0.190092]"
"GA (mutation_rate=0.15, seed 8)",1000000011,192,501,8580,147,18,3,0,False,0.08,"[-0.629406, -0.721287, -0.129476, -0.004387, -0.175142, -0.190092]"
"GA (mutation_rate=0.15, seed 8)",1000000012,231,599,12200,180,17,3,2,False,0.11,"[-0.629406, -0.721287, -0.129476, -0.004387, -0.175142, -0.190092]"
"GA (mutation_rate=0.15, seed 8)",1000000013,344,882,14680,282,28,2,0,False,0.2,"[-0.629406, -0.721287, -0.129476, -0.004387, -0.175142, -0.190092]"
"GA (mutation_rate=0.15, seed 8)",1000000014,22,76,940,16,3,0,0,False,0.02,"[-0.629406, -0.721287, -0.129476, -0.004387, -0.175142, -0.190092]"
"GA (mutation_rate=0.15, seed 8)",1000000015,193,504,9060,134,22,5,0,False,0.12,"[-0.629406, -0.721287, -0.129476, -0.004387, -0.175142, -0.190092]"
"GA (mutation_rate=0.15, seed 8)",1000000016,284,731,13340,231,20,3,1,False,0.12,"[-0.629406, -0.721287, -0.129476, -0.004387, -0.175142, -0.190092]"
"GA (mutation_rate=0.15, seed 8)",1000000017,113,303,4820,98,6,1,0,False,0.04,"[-0.629406, -0.721287, -0.129476, -0.004387, -0.175142, -0.190092]"
"GA (mutation_rate=0.15, seed 8)",1000000018,47,138,1920,43,2,0,0,False,0.03,"[-0.629406, -0.721287, -0.129476, -0.004387, -0.175142, -0.190092]"
"GA (mutation_rate=0.15, seed 8)",1000000019,28,91,1180,22,3,0,0,False,0.01,"[-0.629406, -0.721287, -0.129476, -0.004387, -0.175142, -0.190092]"
"GA (mutation_rate=0.15, seed 9)",1000000000,166,436,6800,150,8,0,0,False,0.08,"[-0.781045, -0.407126, -0.115829, 0.088761, -0.297251, -0.338474]"
"GA (mutation_rate=0.15, seed 9)",1000000001,219,567,9140,196,10,1,0,False,0.1,"[-0.781045, -0.407126, -0.115829, 0.088761, -0.297251, -0.338474]"
"GA (mutation_rate=0.15, seed 9)",1000000002,256,661,10600,220,18,0,0,False,0.12,"[-0.781045, -0.407126, -0.115829, 0.088761, -0.297251, -0.338474]"
"GA (mutation_rate=0.15, seed 9)",1000000003,152,401,6260,134,9,0,0,False,0.06,"[-0.781045, -0.407126, -0.115829, 0.088761, -0.297251, -0.338474]"
"GA (mutation_rate=0.15, seed 9)",1000000004,78,216,3220,68,5,0,0,False,0.04,"[-0.781045, -0.407126, -0.115829, 0.088761, -0.297251, -0.338474]"
"GA (mutation_rate=0.15, seed 9)",1000000005,181,474,7660,154,12,1,0,False,0.08,"[-0.781045, -0.407126, -0.115829, 0.088761, -0.297251, -0.338474]"
"GA (mutation_rate=0.15, seed 9)",1000000006,152,401,6260,134,9,0,0,False,0.1,"[-0.781045, -0.407126, -0.115829, 0.088761, -0.297251, -0.338474]"
"GA (mutation_rate=0.15, seed 9)",1000000007,108,290,4440,96,6,0,0,False,0.06,"[-0.781045, -0.407126, -0.115829, 0.088761, -0.297251, -0.338474]"
"GA (mutation_rate=0.15, seed 9)",1000000008,23,79,940,21,1,0,0,False,0.02,"[-0.781045, -0.407126, -0.115829, 0.088761, -0.297251, -0.338474]"
"GA (mutation_rate=0.15, seed 9)",1000000009,164,430,6960,139,11,1,0,False,0.1,"[-0.781045, -0.407126, -0.115829, 0.088761, -0.297251, -0.338474]"
"GA (mutation_rate=0.15, seed 9)",1000000010,328,841,13820,273,26,1,0,False,0.16,"[-0.781045, -0.407126, -0.115829, 0.088761, -0.297251, -0.338474]"
"GA (mutation_rate=0.15, seed 9)",1000000011,252,651,10620,228,9,2,0,False,0.1,"[-0.781045, -0.407126, -0.115829, 0.088761, -0.297251, -0.338474]"
"GA (mutation_rate=0.15, seed 9)",1000000012,375,958,15520,338,17,1,0,False,0.16,"[-0.781045, -0.407126, -0.115829, 0.088761, -0.297251, -0.338474]"
"GA (mutation_rate=0.15, seed 9)",1000000013,58,166,2400,50,4,0,0,False,0.02,"[-0.781045, -0.407126, -0.115829, 0.088761, -0.297251, -0.338474]"
"GA (mutation_rate=0.15, seed 9)",1000000014,96,261,4200,75,9,1,0,False,0.04,"[-0.781045, -0.407126, -0.115829, 0.088761, -0.297251, -0.338474]"
"GA (mutation_rate=0.15, seed 9)",1000000015,475,1208,20100,410,28,3,0,False,0.19,"[-0.781045, -0.407126, -0.115829, 0.088761, -0.297251, -0.338474]"
"GA (mutation_rate=0.15, seed 9)",1000000016,403,1028,17100,350,22,3,0,False,0.16,"[-0.781045, -0.407126, -0.115829, 0.088761, -0.297251, -0.338474]"
"GA (mutation_rate=0.15, seed 9)",1000000017,98,266,4220,83,6,1,0,False,0.04,"[-0.781045, -0.407126, -0.115829, 0.088761, -0.297251, -0.338474]"
"GA (mutation_rate=0.15, seed 9)",1000000018,201,524,8520,168,15,1,0,False,0.07,"[-0.781045, -0.407126, -0.115829, 0.088761, -0.297251, -0.338474]"
"GA (mutation_rate=0.15, seed 9)",1000000019,37,113,1560,29,4,0,0,False,0.02,"[-0.781045, -0.407126, -0.115829, 0.088761, -0.297251, -0.338474]"
"GA (crossover=uniform, seed 0)",1000000000,32,101,1300,30,1,0,0,False,0.02,"[-0.818156, -0.400564, -0.123873, 0.370174, -0.033875, -0.129028]"
"GA (crossover=uniform, seed 0)",1000000001,253,653,10760,219,14,2,0,False,0.11,"[-0.818156, -0.400564, -0.123873, 0.370174, -0.033875, -0.129028]"
"GA (crossover=uniform, seed 0)",1000000002,132,350,5500,110,11,0,0,False,0.05,"[-0.818156, -0.400564, -0.123873, 0.370174, -0.033875, -0.129028]"
"GA (crossover=uniform, seed 0)",1000000003,127,340,5440,106,9,1,0,False,0.05,"[-0.818156, -0.400564, -0.123873, 0.370174, -0.033875, -0.129028]"
"GA (crossover=uniform, seed 0)",1000000004,346,885,16220,268,31,4,1,False,0.14,"[-0.818156, -0.400564, -0.123873, 0.370174, -0.033875, -0.129028]"
"GA (crossover=uniform, seed 0)",1000000005,97,263,4880,57,14,4,0,False,0.04,"[-0.818156, -0.400564, -0.123873, 0.370174, -0.033875, -0.129028]"
"GA (crossover=uniform, seed 0)",1000000006,185,482,8280,142,17,3,0,False,0.08,"[-0.818156, -0.400564, -0.123873, 0.370174, -0.033875, -0.129028]"
"GA (crossover=uniform, seed 0)",1000000007,839,2118,38760,654,75,9,2,False,0.38,"[-0.818156, -0.400564, -0.123873, 0.370174, -0.033875, -0.129028]"
"GA (crossover=uniform, seed 0)",1000000008,58,166,2400,50,4,0,0,False,0.02,"[-0.818156, -0.400564, -0.123873, 0.370174, -0.033875, -0.129028]"
"GA (crossover=uniform, seed 0)",1000000009,36,110,1440,36,0,0,0,False,0.02,"[-0.818156, -0.400564, -0.123873, 0.370174, -0.033875, -0.129028]"
"GA (crossover=uniform, seed 0)",1000000010,50,145,2260,39,4,1,0,False,0.02,"[-0.818156, -0.400564, -0.123873, 0.370174, -0.033875, -0.129028]"
"GA (crossover=uniform, seed 0)",1000000011,52,151,2540,36,5,2,0,False,0.02,"[-0.818156, -0.400564, -0.123873, 0.370174, -0.033875, -0.129028]"
"GA (crossover=uniform, seed 0)",1000000012,33,103,2420,23,3,0,1,False,0.02,"[-0.818156, -0.400564, -0.123873, 0.370174, -0.033875, -0.129028]"
"GA (crossover=uniform, seed 0)",1000000013,166,436,7260,134,13,2,0,False,0.1,"[-0.818156, -0.400564, -0.123873, 0.370174, -0.033875, -0.129028]"
"GA (crossover=uniform, seed 0)",1000000014,22,76,940,16,3,0,0,False,0.01,"[-0.818156, -0.400564, -0.123873, 0.370174, -0.033875, -0.129028]"
"GA (crossover=uniform, seed 0)",1000000015,135,357,6940,96,16,1,1,False,0.05,"[-0.818156, -0.400564, -0.123873, 0.370174, -0.033875, -0.129028]"
"GA (crossover=uniform, seed 0)",1000000016,134,356,5740,111,10,1,0,False,0.06,"[-0.818156, -0.400564, -0.123873, 0.370174, -0.033875, -0.129028]"
"GA (crossover=uniform, seed 0)",1000000017,77,211,3160,69,4,0,0,False,0.03,"[-0.818156, -0.400564, -0.123873, 0.370174, -0.033875, -0.129028]"
"GA (crossover=uniform, seed 0)",1000000018,48,140,1960,44,2,0,0,False,0.02,"[-0.818156, -0.400564, -0.123873, 0.370174, -0.033875, -0.129028]"
"GA (crossover=uniform, seed 0)",1000000019,23,78,960,19,2,0,0,False,0.01,"[-0.818156, -0.400564, -0.123873, 0.370174, -0.033875, -0.129028]"
"GA (crossover=uniform, seed 1)",1000000000,145,384,6300,110,16,1,0,False,0.05,"[-0.48496, -0.696312, -0.10525, -0.435023, -0.190555, -0.208158]"
"GA (crossover=uniform, seed 1)",1000000001,22,75,940,16,3,0,0,False,0.01,"[-0.48496, -0.696312, -0.10525, -0.435023, -0.190555, -0.208158]"
"GA (crossover=uniform, seed 1)",1000000002,93,253,3880,77,8,0,0,False,0.04,"[-0.48496, -0.696312, -0.10525, -0.435023, -0.190555, -0.208158]"
"GA (crossover=uniform, seed 1)",1000000003,231,598,9900,195,15,2,0,False,0.09,"[-0.48496, -0.696312, -0.10525, -0.435023, -0.190555, -0.208158]"
"GA (crossover=uniform, seed 1)",1000000004,431,1098,18160,354,37,1,0,False,0.19,"[-0.48496, -0.696312, -0.10525, -0.435023, -0.190555, -0.208158]"
"GA (crossover=uniform, seed 1)",1000000005,137,362,5640,121,8,0,0,False,0.06,"[-0.48496, -0.696312, -0.10525, -0.435023, -0.190555, -0.208158]"
"GA (crossover=uniform, seed 1)",1000000006,201,523,8480,172,13,1,0,False,0.08,"[-0.48496, -0.696312, -0.10525, -0.435023, -0.190555, -0.208158]"
"GA (crossover=uniform, seed 1)",1000000007,60,172,2480,52,4,0,0,False,0.02,"[-0.48496, -0.696312, -0.10525, -0.435023, -0.190555, -0.208158]"
"GA (crossover=uniform, seed 1)",1000000008,51,145,2340,36,6,1,0,False,0.02,"[-0.48496, -0.696312, -0.10525, -0.435023, -0.190555, -0.208158]"
"GA (crossover=uniform, seed 1)",1000000009,83,228,3620,68,6,1,0,False,0.03,"[-0.48496, -0.696312, -0.10525, -0.435023, -0.190555, -0.208158]"
"GA (crossover=uniform, seed 1)",1000000010,48,141,1960,44,2,0,0,False,0.02,"[-0.48496, -0.696312, -0.10525, -0.435023, -0.190555, -0.208158]"
"GA (crossover=uniform, seed 1)",1000000011,133,354,5760,104,13,1,0,False,0.06,"[-0.48496, -0.696312, -0.10525, -0.435023, -0.190555, -0.208158]"
"GA (crossover=uniform, seed 1)",1000000012,63,178,2580,57,3,0,0,False,0.03,"[-0.48496, -0.696312, -0.10525, -0.435023, -0.190555, -0.208158]"
"GA (crossover=uniform, seed 1)",1000000013,150,396,6220,128,11,0,0,False,0.06,"[-0.48496, -0.696312, -0.10525, -0.435023, -0.190555, -0.208158]"
"GA (crossover=uniform, seed 1)",1000000014,361,923,15000,305,28,0,0,False,0.16,"[-0.48496, -0.696312, -0.10525, -0.435023, -0.190555, -0.208158]"
"GA (crossover=uniform, seed 1)",1000000015,380,971,16960,319,27,1,1,False,0.14,"[-0.48496, -0.696312, -0.10525, -0.435023, -0.190555, -0.208158]"
"GA (crossover=uniform, seed 1)",1000000016,544,1380,22920,458,40,2,0,False,0.29,"[-0.48496, -0.696312, -0.10525, -0.435023, -0.190555, -0.208158]"
"GA (crossover=uniform, seed 1)",1000000017,163,429,6760,139,12,0,0,False,0.07,"[-0.48496, -0.696312, -0.10525, -0.435023, -0.190555, -0.208158]"
"GA (crossover=uniform, seed 1)",1000000018,66,185,2660,64,1,0,0,False,0.03,"[-0.48496, -0.696312, -0.10525, -0.435023, -0.190555, -0.208158]"
"GA (crossover=uniform, seed 1)",1000000019,328,841,14460,254,31,4,0,False,0.13,"[-0.48496, -0.696312, -0.10525, -0.435023, -0.190555, -0.208158]"
"GA (crossover=uniform, seed 2)",1000000000,49,143,2060,39,5,0,0,False,0.02,"[-0.644496, -0.629025, -0.108015, -0.343974, -0.141306, -0.197485]"
"GA (crossover=uniform, seed 2)",1000000001,239,618,9860,209,15,0,0,False,0.09,"[-0.644496, -0.629025, -0.108015, -0.343974, -0.141306, -0.197485]"
"GA (crossover=uniform, seed 2)",1000000002,118,316,5360,84,14,2,0,False,0.05,"[-0.644496, -0.629025, -0.108015, -0.343974, -0.141306, -0.197485]"
"GA (crossover=uniform, seed 2)",1000000003,240,621,9920,208,16,0,0,False,0.09,"[-0.644496, -0.629025, -0.108015, -0.343974, -0.141306, -0.197485]"
"GA (crossover=uniform, seed 2)",1000000004,233,601,10000,195,16,2,0,False,0.09,"[-0.644496, -0.629025, -0.108015, -0.343974, -0.141306, -0.197485]"
"GA (crossover=uniform, seed 2)",1000000005,152,400,6400,135,7,1,0,False,0.06,"[-0.644496, -0.629025, -0.108015, -0.343974, -0.141306, -0.197485]"
"GA (crossover=uniform, seed 2)",1000000006,109,293,4480,97,6,0,0,False,0.04,"[-0.644496, -0.629025, -0.108015, -0.343974, -0.141306, -0.197485]"
"GA (crossover=uniform, seed 2)",1000000007,55,158,2300,45,5,0,0,False,0.02,"[-0.644496, -0.629025, -0.108015, -0.343974, -0.141306, -0.197485]"
"GA (crossover=uniform, seed 2)",1000000008,62,176,3800,45,5,1,1,False,0.02,"[-0.644496, -0.629025, -0.108015, -0.343974, -0.141306, -0.197485]"
"GA (crossover=uniform, seed 2)",1000000009,53,152,2340,46,2,1,0,False,0.02,"[-0.644496, -0.629025, -0.108015, -0.343974, -0.141306, -0.197485]"
"GA (crossover=uniform, seed 2)",1000000010,42,125,1900,35,2,1,0,False,0.02,"[-0.644496, -0.629025, -0.108015, -0.343974, -0.141306, -0.197485]"
"GA (crossover=uniform, seed 2)",1000000011,53,153,2460,34,8,1,0,False,0.03,"[-0.644496, -0.629025, -0.108015, -0.343974, -0.141306, -0.197485]"
"GA (crossover=uniform, seed 2)",1000000012,88,241,3700,70,9,0,0,False,0.03,"[-0.644496, -0.629025, -0.108015, -0.343974, -0.141306, -0.197485]"
"GA (crossover=uniform, seed 2)",1000000013,396,1011,16780,332,29,2,0,False,0.23,"[-0.644496, -0.629025, -0.108015, -0.343974, -0.141306, -0.197485]"
"GA (crossover=uniform, seed 2)",1000000014,22,76,940,16,3,0,0,False,0.01,"[-0.644496, -0.629025, -0.108015, -0.343974, -0.141306, -0.197485]"
"GA (crossover=uniform, seed 2)",1000000015,63,177,2820,48,6,1,0,False,0.04,"[-0.644496, -0.629025, -0.108015, -0.343974, -0.141306, -0.197485]"
"GA (crossover=uniform, seed 2)",1000000016,236,610,10100,185,24,1,0,False,0.09,"[-0.644496, -0.629025, -0.108015, -0.343974, -0.141306, -0.197485]"
"GA (crossover=uniform, seed 2)",1000000017,254,656,11240,206,18,4,0,False,0.13,"[-0.644496, -0.629025, -0.108015, -0.343974, -0.141306, -0.197485]"
"GA (crossover=uniform, seed 2)",1000000018,224,580,10600,190,12,2,1,False,0.09,"[-0.644496, -0.629025, -0.108015, -0.343974, -0.141306, -0.197485]"
"GA (crossover=uniform, seed 2)",1000000019,20,70,820,18,1,0,0,False,0.01,"[-0.644496, -0.629025, -0.108015, -0.343974, -0.141306, -0.197485]"
"GA (crossover=uniform, seed 3)",1000000000,254,654,10520,218,18,0,0,False,0.11,"[-0.700599, -0.657201, -0.158192, 0.131945, -0.048262, -0.180235]"
"GA (crossover=uniform, seed 3)",1000000001,256,661,11960,214,16,2,1,False,0.11,"[-0.700599, -0.657201, -0.158192, 0.131945, -0.048262, -0.180235]"
"GA (crossover=uniform, seed 3)",1000000002,123,328,5280,102,9,1,0,False,0.05,"[-0.700599, -0.657201, -0.158192, 0.131945, -0.048262, -0.180235]"
"GA (crossover=uniform, seed 3)",1000000003,127,340,5440,106,9,1,0,False,0.06,"[-0.700599, -0.657201, -0.158192, 0.131945, -0.048262, -0.180235]"
"GA (crossover=uniform, seed 3)",1000000004,167,438,7420,138,10,3,0,False,0.08,"[-0.700599, -0.657201, -0.158192, 0.131945, -0.048262, -0.180235]"
"GA (crossover=uniform, seed 3)",1000000005,316,811,13840,256,24,4,0,False,0.14,"[-0.700599, -0.657201, -0.158192, 0.131945, -0.048262, -0.180235]"
"GA (crossover=uniform, seed 3)",1000000006,54,156,2220,48,3,0,0,False,0.04,"[-0.700599, -0.657201, -0.158192, 0.131945, -0.048262, -0.180235]"
"GA (crossover=uniform, seed 3)",1000000007,35,108,1480,27,4,0,0,False,0.02,"[-0.700599, -0.657201, -0.158192, 0.131945, -0.048262, -0.180235]"
"GA (crossover=uniform, seed 3)",1000000008,44,131,1800,40,2,0,0,False,0.02,"[-0.700599, -0.657201, -0.158192, 0.131945, -0.048262, -0.180235]"
"GA (crossover=uniform, seed 3)",1000000009,324,832,13820,283,16,3,0,False,0.15,"[-0.700599, -0.657201, -0.158192, 0.131945, -0.048262, -0.180235]"
"GA (crossover=uniform, seed 3)",1000000010,76,210,3480,62,4,2,0,False,0.05,"[-0.700599, -0.657201, -0.158192, 0.131945, -0.048262, -0.180235]"
"GA (crossover=uniform, seed 3)",1000000011,172,452,7340,141,14,1,0,False,0.11,"[-0.700599, -0.657201, -0.158192, 0.131945, -0.048262, -0.180235]"
"GA (crossover=uniform, seed 3)",1000000012,35,108,2500,25,3,0,1,False,0.01,"[-0.700599, -0.657201, -0.158192, 0.131945, -0.048262, -0.180235]"
"GA (crossover=uniform, seed 3)",1000000013,335,859,14300,290,18,3,0,False,0.14,"[-0.700599, -0.657201, -0.158192, 0.131945, -0.048262, -0.180235]"
"GA (crossover=uniform, seed 3)",1000000014,22,76,940,16,3,0,0,False,0.02,"[-0.700599, -0.657201, -0.158192, 0.131945, -0.048262, -0.180235]"
"GA (crossover=uniform, seed 3)",1000000015,108,291,4660,89,8,1,0,False,0.04,"[-0.700599, -0.657201, -0.158192, 0.131945, -0.048262, -0.180235]"
"GA (crossover=uniform, seed 3)",1000000016,152,400,6480,127,11,1,0,False,0.06,"[-0.700599, -0.657201, -0.158192, 0.131945, -0.048262, -0.180235]"
"GA (crossover=uniform, seed 3)",1000000017,75,209,3280,62,5,1,0,False,0.03,"[-0.700599, -0.657201, -0.158192, 0.131945, -0.048262, -0.180235]"
"GA (crossover=uniform, seed 3)",1000000018,364,932,15640,301,27,3,0,False,0.17,"[-0.700599, -0.657201, -0.158192, 0.131945, -0.048262, -0.180235]"
"GA (crossover=uniform, seed 3)",1000000019,25,83,1040,21,2,0,0,False,0.01,"[-0.700599, -0.657201, -0.158192, 0.131945, -0.048262, -0.180235]"
"GA (crossover=uniform, seed 4)",1000000000,85,233,3620,63,11,0,0,False,0.03,"[-0.420021, -0.820337, -0.119375, 0.274368, -0.168567, -0.180796]"
"GA (crossover=uniform, seed 4)",1000000001,238,615,10400,195,17,3,0,False,0.09,"[-0.420021, -0.820337, -0.119375, 0.274368, -0.168567, -0.180796]"
"GA (crossover=uniform, seed 4)",1000000002,118,316,6000,90,12,0,1,False,0.05,"[-0.420021, -0.820337, -0.119375, 0.274368, -0.168567, -0.180796]"
"GA (crossover=uniform, seed 4)",1000000003,187,488,8340,146,16,3,0,False,0.08,"[-0.420021, -0.820337, -0.119375, 0.274368, -0.168567, -0.180796]"
"GA (crossover=uniform, seed 4)",1000000004,366,935,15580,302,29,2,0,False,0.14,"[-0.420021, -0.820337, -0.119375, 0.274368, -0.168567, -0.180796]"
"GA (crossover=uniform, seed 4)",1000000005,240,621,12540,191,16,3,2,False,0.1,"[-0.420021, -0.820337, -0.119375, 0.274368, -0.168567, -0.180796]"
"GA (crossover=uniform, seed 4)",1000000006,203,529,8880,157,20,2,0,False,0.08,"[-0.420021, -0.820337, -0.119375, 0.274368, -0.168567, -0.180796]"
"GA (crossover=uniform, seed 4)",1000000007,726,1836,33160,574,66,4,2,False,0.29,"[-0.420021, -0.820337, -0.119375, 0.274368, -0.168567, -0.180796]"
"GA (crossover=uniform, seed 4)",1000000008,70,196,2900,60,5,0,0,False,0.03,"[-0.420021, -0.820337, -0.119375, 0.274368, -0.168567, -0.180796]"
"GA (crossover=uniform, seed 4)",1000000009,146,384,7260,119,10,1,1,False,0.06,"[-0.420021, -0.820337, -0.119375, 0.274368, -0.168567, -0.180796]"
"GA (crossover=uniform, seed 4)",1000000010,33,103,1400,25,4,0,0,False,0.02,"[-0.420021, -0.820337, -0.119375, 0.274368, -0.168567, -0.180796]"
"GA (crossover=uniform, seed 4)",1000000011,103,278,5460,84,6,1,1,False,0.05,"[-0.420021, -0.820337, -0.119375, 0.274368, -0.168567, -0.180796]"
"GA (crossover=uniform, seed 4)",1000000012,203,527,10900,155,17,2,2,False,0.09,"[-0.420021, -0.820337, -0.119375, 0.274368, -0.168567, -0.180796]"
"GA (crossover=uniform, seed 4)",1000000013,141,374,6240,111,12,2,0,False,0.06,"[-0.420021, -0.820337, -0.119375, 0.274368, -0.168567, -0.180796]"
"GA (crossover=uniform, seed 4)",1000000014,22,76,940,16,3,0,0,False,0.01,"[-0.420021, -0.820337, -0.119375, 0.274368, -0.168567, -0.180796]"
"GA (crossover=uniform, seed 4)",1000000015,66,185,2920,53,5,1,0,False,0.03,"[-0.420021, -0.820337, -0.119375, 0.274368, -0.168567, -0.180796]"
"GA (crossover=uniform, seed 4)",1000000016,535,1359,23520,453,36,2,1,False,0.22,"[-0.420021, -0.820337, -0.119375, 0.274368, -0.168567, -0.180796]"
"GA (crossover=uniform, seed 4)",1000000017,158,416,6920,128,12,2,0,False,0.07,"[-0.420021, -0.820337, -0.119375, 0.274368, -0.168567, -0.180796]"
"GA (crossover=uniform, seed 4)",1000000018,65,184,2660,59,3,0,0,False,0.03,"[-0.420021, -0.820337, -0.119375, 0.274368, -0.168567, -0.180796]"
"GA (crossover=uniform, seed 4)",1000000019,28,91,1180,22,3,0,0,False,0.01,"[-0.420021, -0.820337, -0.119375, 0.274368, -0.168567, -0.180796]"
"GA (crossover=uniform, seed 5)",1000000000,367,939,15660,299,31,2,0,False,0.19,"[-0.926635, -0.212873, -0.150451, 0.251384, -0.047103, -0.089358]"
"GA (crossover=uniform, seed 5)",1000000001,121,323,5400,95,10,2,0,False,0.05,"[-0.926635, -0.212873, -0.150451, 0.251384, -0.047103, -0.089358]"
"GA (crossover=uniform, seed 5)",1000000002,391,998,16960,304,39,3,0,False,0.17,"[-0.926635, -0.212873, -0.150451, 0.251384, -0.047103, -0.089358]"
"GA (crossover=uniform, seed 5)",1000000003,72,201,3020,58,7,0,0,False,0.03,"[-0.926635, -0.212873, -0.150451, 0.251384, -0.047103, -0.089358]"
"GA (crossover=uniform, seed 5)",1000000004,204,531,9480,172,14,0,1,False,0.09,"[-0.926635, -0.212873, -0.150451, 0.251384, -0.047103, -0.089358]"
"GA (crossover=uniform, seed 5)",1000000005,70,195,3120,53,7,1,0,False,0.03,"[-0.926635, -0.212873, -0.150451, 0.251384, -0.047103, -0.089358]"
"GA (crossover=uniform, seed 5)",1000000006,61,173,2680,52,3,1,0,False,0.04,"[-0.926635, -0.212873, -0.150451, 0.251384, -0.047103, -0.089358]"
"GA (crossover=uniform, seed 5)",1000000007,297,762,13340,241,19,6,0,False,0.14,"[-0.926635, -0.212873, -0.150451, 0.251384, -0.047103, -0.089358]"
"GA (crossover=uniform, seed 5)",1000000008,130,345,5740,106,9,2,0,False,0.07,"[-0.926635, -0.212873, -0.150451, 0.251384, -0.047103, -0.089358]"
"GA (crossover=uniform, seed 5)",1000000009,72,200,3300,60,3,2,0,False,0.04,"[-0.926635, -0.212873, -0.150451, 0.251384, -0.047103, -0.089358]"
"GA (crossover=uniform, seed 5)",1000000010,334,856,14580,272,25,4,0,False,0.18,"[-0.926635, -0.212873, -0.150451, 0.251384, -0.047103, -0.089358]"
"GA (crossover=uniform, seed 5)",1000000011,90,244,4720,78,4,0,1,False,0.04,"[-0.926635, -0.212873, -0.150451, 0.251384, -0.047103, -0.089358]"
"GA (crossover=uniform, seed 5)",1000000012,73,202,3200,60,5,1,0,False,0.05,"[-0.926635, -0.212873, -0.150451, 0.251384, -0.047103, -0.089358]"
"GA (crossover=uniform, seed 5)",1000000013,434,1106,20580,357,30,3,2,False,0.19,"[-0.926635, -0.212873, -0.150451, 0.251384, -0.047103, -0.089358]"
"GA (crossover=uniform, seed 5)",1000000014,339,869,14300,280,28,1,0,False,0.14,"[-0.926635, -0.212873, -0.150451, 0.251384, -0.047103, -0.089358]"
"GA (crossover=uniform, seed 5)",1000000015,390,997,18540,301,32,7,1,False,0.18,"[-0.926635, -0.212873, -0.150451, 0.251384, -0.047103, -0.089358]"
"GA (crossover=uniform, seed 5)",1000000016,71,197,3100,60,4,1,0,False,0.03,"[-0.926635, -0.212873, -0.150451, 0.251384, -0.047103, -0.089358]"
"GA (crossover=uniform, seed 5)",1000000017,144,380,6440,106,16,2,0,False,0.06,"[-0.926635, -0.212873, -0.150451, 0.251384, -0.047103, -0.089358]"
"GA (crossover=uniform, seed 5)",1000000018,136,360,6000,110,10,2,0,False,0.06,"[-0.926635, -0.212873, -0.150451, 0.251384, -0.047103, -0.089358]"
"GA (crossover=uniform, seed 5)",1000000019,355,908,15380,297,23,4,0,False,0.15,"[-0.926635, -0.212873, -0.150451, 0.251384, -0.047103, -0.089358]"
"GA (crossover=uniform, seed 6)",1000000000,367,939,15660,299,31,2,0,False,0.17,"[-0.658385, -0.629652, -0.171075, -0.360182, -0.056843, -0.08853]"
"GA (crossover=uniform, seed 6)",1000000001,252,652,11580,202,23,0,1,False,0.12,"[-0.658385, -0.629652, -0.171075, -0.360182, -0.056843, -0.08853]"
"GA (crossover=uniform, seed 6)",1000000002,391,998,16960,304,39,3,0,False,0.17,"[-0.658385, -0.629652, -0.171075, -0.360182, -0.056843, -0.08853]"
"GA (crossover=uniform, seed 6)",1000000003,72,201,3020,58,7,0,0,False,0.03,"[-0.658385, -0.629652, -0.171075, -0.360182, -0.056843, -0.08853]"
"GA (crossover=uniform, seed 6)",1000000004,204,531,9480,172,14,0,1,False,0.09,"[-0.658385, -0.629652, -0.171075, -0.360182, -0.056843, -0.08853]"
"GA (crossover=uniform, seed 6)",1000000005,70,195,3120,53,7,1,0,False,0.03,"[-0.658385, -0.629652, -0.171075, -0.360182, -0.056843, -0.08853]"
"GA (crossover=uniform, seed 6)",1000000006,9,43,360,9,0,0,0,False,0.01,"[-0.658385, -0.629652, -0.171075, -0.360182, -0.056843, -0.08853]"
"GA (crossover=uniform, seed 6)",1000000007,122,326,5340,91,14,1,0,False,0.06,"[-0.658385, -0.629652, -0.171075, -0.360182, -0.056843, -0.08853]"
"GA (crossover=uniform, seed 6)",1000000008,130,345,5740,106,9,2,0,False,0.05,"[-0.658385, -0.629652, -0.171075, -0.360182, -0.056843, -0.08853]"
"GA (crossover=uniform, seed 6)",1000000009,72,200,3300,60,3,2,0,False,0.03,"[-0.658385, -0.629652, -0.171075, -0.360182, -0.056843, -0.08853]"
"GA (crossover=uniform, seed 6)",1000000010,215,558,8980,177,19,0,0,False,0.1,"[-0.658385, -0.629652, -0.171075, -0.360182, -0.056843, -0.08853]"
"GA (crossover=uniform, seed 6)",1000000011,90,244,4720,78,4,0,1,False,0.04,"[-0.658385, -0.629652, -0.171075, -0.360182, -0.056843, -0.08853]"
"GA (crossover=uniform, seed 6)",1000000012,73,202,3200,60,5,1,0,False,0.03,"[-0.658385, -0.629652, -0.171075, -0.360182, -0.056843, -0.08853]"
"GA (crossover=uniform, seed 6)",1000000013,482,1225,22740,396,33,4,2,False,0.2,"[-0.658385, -0.629652, -0.171075, -0.360182, -0.056843, -0.08853]"
"GA (crossover=uniform, seed 6)",1000000014,339,869,14300,280,28,1,0,False,0.14,"[-0.658385, -0.629652, -0.171075, -0.360182, -0.056843, -0.08853]"
"GA (crossover=uniform, seed 6)",1000000015,691,1749,29760,569,52,6,0,False,0.27,"[-0.658385, -0.629652, -0.171075, -0.360182, -0.056843, -0.08853]"
"GA (crossover=uniform, seed 6)",1000000016,71,197,3100,60,4,1,0,False,0.03,"[-0.658385, -0.629652, -0.171075, -0.360182, -0.056843, -0.08853]"
"GA (crossover=uniform, seed 6)",1000000017,144,380,6440,106,16,2,0,False,0.06,"[-0.658385, -0.629652, -0.171075, -0.360182, -0.056843, -0.08853]"
"GA (crossover=uniform, seed 6)",1000000018,136,360,6000,110,10,2,0,False,0.05,"[-0.658385, -0.629652, -0.171075, -0.360182, -0.056843, -0.08853]"
"GA (crossover=uniform, seed 6)",1000000019,230,595,10840,181,21,1,1,False,0.1,"[-0.658385, -0.629652, -0.171075, -0.360182, -0.056843, -0.08853]"
"GA (crossover=uniform, seed 7)",1000000000,49,143,2060,39,5,0,0,False,0.02,"[-0.621006, -0.661465, -0.105628, -0.321945, -0.140344, -0.205703]"
"GA (crossover=uniform, seed 7)",1000000001,239,618,9860,209,15,0,0,False,0.1,"[-0.621006, -0.661465, -0.105628, -0.321945, -0.140344, -0.205703]"
"GA (crossover=uniform, seed 7)",1000000002,118,316,5360,84,14,2,0,False,0.08,"[-0.621006, -0.661465, -0.105628, -0.321945, -0.140344, -0.205703]"
"GA (crossover=uniform, seed 7)",1000000003,240,621,9920,208,16,0,0,False,0.13,"[-0.621006, -0.661465, -0.105628, -0.321945, -0.140344, -0.205703]"
"GA (crossover=uniform, seed 7)",1000000004,233,601,10000,195,16,2,0,False,0.12,"[-0.621006, -0.661465, -0.105628, -0.321945, -0.140344, -0.205703]"
"GA (crossover=uniform, seed 7)",1000000005,152,400,6400,135,7,1,0,False,0.05,"[-0.621006, -0.661465, -0.105628, -0.321945, -0.140344, -0.205703]"
"GA (crossover=uniform, seed 7)",1000000006,109,293,4480,97,6,0,0,False,0.05,"[-0.621006, -0.661465, -0.105628, -0.321945, -0.140344, -0.205703]"
"GA (crossover=uniform, seed 7)",1000000007,53,153,2220,43,5,0,0,False,0.02,"[-0.621006, -0.661465, -0.105628, -0.321945, -0.140344, -0.205703]"
"GA (crossover=uniform, seed 7)",1000000008,62,176,3800,45,5,1,1,False,0.02,"[-0.621006, -0.661465, -0.105628, -0.321945, -0.140344, -0.205703]"
"GA (crossover=uniform, seed 7)",1000000009,54,155,2380,47,2,1,0,False,0.02,"[-0.621006, -0.661465, -0.105628, -0.321945, -0.140344, -0.205703]"
"GA (crossover=uniform, seed 7)",1000000010,42,125,1900,35,2,1,0,False,0.02,"[-0.621006, -0.661465, -0.105628, -0.321945, -0.140344, -0.205703]"
"GA (crossover=uniform, seed 7)",1000000011,53,153,2460,34,8,1,0,False,0.02,"[-0.621006, -0.661465, -0.105628, -0.321945, -0.140344, -0.205703]"
"GA (crossover=uniform, seed 7)",1000000012,88,241,3700,70,9,0,0,False,0.03,"[-0.621006, -0.661465, -0.105628, -0.321945, -0.140344, -0.205703]"
"GA (crossover=uniform, seed 7)",1000000013,396,1011,16780,332,29,2,0,False,0.19,"[-0.621006, -0.661465, -0.105628, -0.321945, -0.140344, -0.205703]"
"GA (crossover=uniform, seed 7)",1000000014,22,76,940,16,3,0,0,False,0.02,"[-0.621006, -0.661465, -0.105628, -0.321945, -0.140344, -0.205703]"
"GA (crossover=uniform, seed 7)",1000000015,63,177,2820,48,6,1,0,False,0.03,"[-0.621006, -0.661465, -0.105628, -0.321945, -0.140344, -0.205703]"
"GA (crossover=uniform, seed 7)",1000000016,237,613,9980,187,25,0,0,False,0.11,"[-0.621006, -0.661465, -0.105628, -0.321945, -0.140344, -0.205703]"
"GA (crossover=uniform, seed 7)",1000000017,254,656,11240,206,18,4,0,False,0.18,"[-0.621006, -0.661465, -0.105628, -0.321945, -0.140344, -0.205703]"
"GA (crossover=uniform, seed 7)",1000000018,224,580,10600,190,12,2,1,False,0.15,"[-0.621006, -0.661465, -0.105628, -0.321945, -0.140344, -0.205703]"
"GA (crossover=uniform, seed 7)",1000000019,20,70,820,18,1,0,0,False,0.01,"[-0.621006, -0.661465, -0.105628, -0.321945, -0.140344, -0.205703]"
"GA (crossover=uniform, seed 8)",1000000000,144,381,6040,116,14,0,0,False,0.07,"[-0.696208, -0.667768, -0.137567, 0.064591, -0.138273, -0.164816]"
"GA (crossover=uniform, seed 8)",1000000001,178,465,7940,141,14,3,0,False,0.07,"[-0.696208, -0.667768, -0.137567, 0.064591, -0.138273, -0.164816]"
"GA (crossover=uniform, seed 8)",1000000002,296,761,12760,249,19,3,0,False,0.13,"[-0.696208, -0.667768, -0.137567, 0.064591, -0.138273, -0.164816]"
"GA (crossover=uniform, seed 8)",1000000003,441,1124,19440,366,27,7,0,False,0.18,"[-0.696208, -0.667768, -0.137567, 0.064591, -0.138273, -0.164816]"
"GA (crossover=uniform, seed 8)",1000000004,298,765,12560,249,23,1,0,False,0.13,"[-0.696208, -0.667768, -0.137567, 0.064591, -0.138273, -0.164816]"
"GA (crossover=uniform, seed 8)",1000000005,249,643,10960,209,14,4,0,False,0.09,"[-0.696208, -0.667768, -0.137567, 0.064591, -0.138273, -0.164816]"
"GA (crossover=uniform, seed 8)",1000000006,163,429,6760,139,12,0,0,False,0.08,"[-0.696208, -0.667768, -0.137567, 0.064591, -0.138273, -0.164816]"
"GA (crossover=uniform, seed 8)",1000000007,104,281,4460,89,6,1,0,False,0.04,"[-0.696208, -0.667768, -0.137567, 0.064591, -0.138273, -0.164816]"
"GA (crossover=uniform, seed 8)",1000000008,124,331,5140,106,9,0,0,False,0.05,"[-0.696208, -0.667768, -0.137567, 0.064591, -0.138273, -0.164816]"
"GA (crossover=uniform, seed 8)",1000000009,51,148,2160,39,6,0,0,False,0.03,"[-0.696208, -0.667768, -0.137567, 0.064591, -0.138273, -0.164816]"
"GA (crossover=uniform, seed 8)",1000000010,33,103,1400,25,4,0,0,False,0.02,"[-0.696208, -0.667768, -0.137567, 0.064591, -0.138273, -0.164816]"
"GA (crossover=uniform, seed 8)",1000000011,63,178,2980,47,5,2,0,False,0.02,"[-0.696208, -0.667768, -0.137567, 0.064591, -0.138273, -0.164816]"
"GA (crossover=uniform, seed 8)",1000000012,256,661,13440,196,20,4,2,False,0.15,"[-0.696208, -0.667768, -0.137567, 0.064591, -0.138273, -0.164816]"
"GA (crossover=uniform, seed 8)",1000000013,145,383,6200,120,11,1,0,False,0.06,"[-0.696208, -0.667768, -0.137567, 0.064591, -0.138273, -0.164816]"
"GA (crossover=uniform, seed 8)",1000000014,22,76,940,16,3,0,0,False,0.01,"[-0.696208, -0.667768, -0.137567, 0.064591, -0.138273, -0.164816]"
"GA (crossover=uniform, seed 8)",1000000015,193,504,9060,134,22,5,0,False,0.07,"[-0.696208, -0.667768, -0.137567, 0.064591, -0.138273, -0.164816]"
"GA (crossover=uniform, seed 8)",1000000016,517,1312,23220,423,39,4,1,False,0.2,"[-0.696208, -0.667768, -0.137567, 0.064591, -0.138273, -0.164816]"
"GA (crossover=uniform, seed 8)",1000000017,107,287,4620,88,8,1,0,False,0.04,"[-0.696208, -0.667768, -0.137567, 0.064591, -0.138273, -0.164816]"
"GA (crossover=uniform, seed 8)",1000000018,47,138,1920,43,2,0,0,False,0.02,"[-0.696208, -0.667768, -0.137567, 0.064591, -0.138273, -0.164816]"
"GA (crossover=uniform, seed 8)",1000000019,23,78,960,19,2,0,0,False,0.01,"[-0.696208, -0.667768, -0.137567, 0.064591, -0.138273, -0.164816]"
"GA (crossover=uniform, seed 9)",1000000000,49,143,2060,39,5,0,0,False,0.02,"[-0.768225, -0.433695, -0.102305, 0.407939, -0.121459, -0.173509]"
"GA (crossover=uniform, seed 9)",1000000001,239,618,9860,209,15,0,0,False,0.1,"[-0.768225, -0.433695, -0.102305, 0.407939, -0.121459, -0.173509]"
"GA (crossover=uniform, seed 9)",1000000002,113,302,4920,88,11,1,0,False,0.06,"[-0.768225, -0.433695, -0.102305, 0.407939, -0.121459, -0.173509]"
"GA (crossover=uniform, seed 9)",1000000003,383,978,15900,325,29,0,0,False,0.15,"[-0.768225, -0.433695, -0.102305, 0.407939, -0.121459, -0.173509]"
"GA (crossover=uniform, seed 9)",1000000004,233,601,10000,195,16,2,0,False,0.11,"[-0.768225, -0.433695, -0.102305, 0.407939, -0.121459, -0.173509]"
"GA (crossover=uniform, seed 9)",1000000005,152,400,6400,135,7,1,0,False,0.06,"[-0.768225, -0.433695, -0.102305, 0.407939, -0.121459, -0.173509]"
"GA (crossover=uniform, seed 9)",1000000006,109,293,4480,97,6,0,0,False,0.05,"[-0.768225, -0.433695, -0.102305, 0.407939, -0.121459, -0.173509]"
"GA (crossover=uniform, seed 9)",1000000007,53,153,2220,43,5,0,0,False,0.02,"[-0.768225, -0.433695, -0.102305, 0.407939, -0.121459, -0.173509]"
"GA (crossover=uniform, seed 9)",1000000008,80,220,3300,70,5,0,0,False,0.03,"[-0.768225, -0.433695, -0.102305, 0.407939, -0.121459, -0.173509]"
"GA (crossover=uniform, seed 9)",1000000009,45,133,1800,45,0,0,0,False,0.02,"[-0.768225, -0.433695, -0.102305, 0.407939, -0.121459, -0.173509]"
"GA (crossover=uniform, seed 9)",1000000010,42,125,1900,35,2,1,0,False,0.02,"[-0.768225, -0.433695, -0.102305, 0.407939, -0.121459, -0.173509]"
"GA (crossover=uniform, seed 9)",1000000011,53,153,2460,34,8,1,0,False,0.02,"[-0.768225, -0.433695, -0.102305, 0.407939, -0.121459, -0.173509]"
"GA (crossover=uniform, seed 9)",1000000012,90,246,3780,72,9,0,0,False,0.04,"[-0.768225, -0.433695, -0.102305, 0.407939, -0.121459, -0.173509]"
"GA (crossover=uniform, seed 9)",1000000013,261,674,12160,204,25,1,1,False,0.11,"[-0.768225, -0.433695, -0.102305, 0.407939, -0.121459, -0.173509]"
"GA (crossover=uniform, seed 9)",1000000014,22,76,940,16,3,0,0,False,0.01,"[-0.768225, -0.433695, -0.102305, 0.407939, -0.121459, -0.173509]"
"GA (crossover=uniform, seed 9)",1000000015,65,184,2680,57,4,0,0,False,0.03,"[-0.768225, -0.433695, -0.102305, 0.407939, -0.121459, -0.173509]"
"GA (crossover=uniform, seed 9)",1000000016,237,613,9980,187,25,0,0,False,0.11,"[-0.768225, -0.433695, -0.102305, 0.407939, -0.121459, -0.173509]"
"GA (crossover=uniform, seed 9)",1000000017,114,306,4760,94,10,0,0,False,0.05,"[-0.768225, -0.433695, -0.102305, 0.407939, -0.121459, -0.173509]"
"GA (crossover=uniform, seed 9)",1000000018,175,458,8620,143,11,2,1,False,0.07,"[-0.768225, -0.433695, -0.102305, 0.407939, -0.121459, -0.173509]"
"GA (crossover=uniform, seed 9)",1000000019,20,70,820,18,1,0,0,False,0.01,"[-0.768225, -0.433695, -0.102305, 0.407939, -0.121459, -0.173509]"
"GA (selection=roulette, seed 0)",1000000000,89,243,4860,74,4,1,1,False,0.04,"[-0.953097, 0.199771, -0.085632, -0.09544, -0.163351, -0.092585]"
"GA (selection=roulette, seed 0)",1000000001,274,706,11600,240,14,2,0,False,0.14,"[-0.953097, 0.199771, -0.085632, -0.09544, -0.163351, -0.092585]"
"GA (selection=roulette, seed 0)",1000000002,184,480,7780,157,12,1,0,False,0.08,"[-0.953097, 0.199771, -0.085632, -0.09544, -0.163351, -0.092585]"
"GA (selection=roulette, seed 0)",1000000003,122,325,5120,113,3,1,0,False,0.05,"[-0.953097, 0.199771, -0.085632, -0.09544, -0.163351, -0.092585]"
"GA (selection=roulette, seed 0)",1000000004,407,1038,17900,335,27,6,0,False,0.15,"[-0.953097, 0.199771, -0.085632, -0.09544, -0.163351, -0.092585]"
"GA (selection=roulette, seed 0)",1000000005,138,365,5900,115,10,1,0,False,0.06,"[-0.953097, 0.199771, -0.085632, -0.09544, -0.163351, -0.092585]"
"GA (selection=roulette, seed 0)",1000000006,16,60,640,16,0,0,0,False,0.01,"[-0.953097, 0.199771, -0.085632, -0.09544, -0.163351, -0.092585]"
"GA (selection=roulette, seed 0)",1000000007,110,296,4560,94,8,0,0,False,0.04,"[-0.953097, 0.199771, -0.085632, -0.09544, -0.163351, -0.092585]"
"GA (selection=roulette, seed 0)",1000000008,281,723,12120,238,17,3,0,False,0.11,"[-0.953097, 0.199771, -0.085632, -0.09544, -0.163351, -0.092585]"
"GA (selection=roulette, seed 0)",1000000009,165,434,6800,145,10,0,0,False,0.07,"[-0.953097, 0.199771, -0.085632, -0.09544, -0.163351, -0.092585]"
"GA (selection=roulette, seed 0)",1000000010,280,721,12780,237,18,1,1,False,0.13,"[-0.953097, 0.199771, -0.085632, -0.09544, -0.163351, -0.092585]"
"GA (selection=roulette, seed 0)",1000000011,158,416,6980,122,15,2,0,False,0.08,"[-0.953097, 0.199771, -0.085632, -0.09544, -0.163351, -0.092585]"
"GA (selection=roulette, seed 0)",1000000012,449,1143,18880,372,37,1,0,False,0.21,"[-0.953097, 0.199771, -0.085632, -0.09544, -0.163351, -0.092585]"
"GA (selection=roulette, seed 0)",1000000013,259,667,11120,213,20,2,0,False,0.1,"[-0.953097, 0.199771, -0.085632, -0.09544, -0.163351, -0.092585]"
"GA (selection=roulette, seed 0)",1000000014,18,65,720,18,0,0,0,False,0.01,"[-0.953097, 0.199771, -0.085632, -0.09544, -0.163351, -0.092585]"
"GA (selection=roulette, seed 0)",1000000015,61,174,3580,47,5,0,1,False,0.02,"[-0.953097, 0.199771, -0.085632, -0.09544, -0.163351, -0.092585]"
"GA (selection=roulette, seed 0)",1000000016,163,429,7080,122,19,1,0,False,0.07,"[-0.953097, 0.199771, -0.085632, -0.09544, -0.163351, -0.092585]"
"GA (selection=roulette, seed 0)",1000000017,146,385,6220,123,10,1,0,False,0.06,"[-0.953097, 0.199771, -0.085632, -0.09544, -0.163351, -0.092585]"
"GA (selection=roulette, seed 0)",1000000018,34,105,1360,34,0,0,0,False,0.02,"[-0.953097, 0.199771, -0.085632, -0.09544, -0.163351, -0.092585]"
"GA (selection=roulette, seed 0)",1000000019,282,725,13120,228,22,2,1,False,0.11,"[-0.953097, 0.199771, -0.085632, -0.09544, -0.163351, -0.092585]"
"GA (selection=roulette, seed 1)",1000000000,1087,2739,51140,816,110,13,3,False,0.48,"[-0.002839, -0.964487, -0.162251, 0.156564, -0.106053, -0.087592]"
"GA (selection=roulette, seed 1)",1000000001,244,632,10360,199,21,1,0,False,0.1,"[-0.002839, -0.964487, -0.162251, 0.156564, -0.106053, -0.087592]"
"GA (selection=roulette, seed 1)",1000000002,136,362,6380,102,11,4,0,False,0.08,"[-0.002839, -0.964487, -0.162251, 0.156564, -0.106053, -0.087592]"
"GA (selection=roulette, seed 1)",1000000003,512,1300,24160,364,60,8,1,False,0.24,"[-0.002839, -0.964487, -0.162251, 0.156564, -0.106053, -0.087592]"
"GA (selection=roulette, seed 1)",1000000004,506,1285,23660,369,56,7,1,False,0.19,"[-0.002839, -0.964487, -0.162251, 0.156564, -0.106053, -0.087592]"
"GA (selection=roulette, seed 1)",1000000005,419,1068,19760,309,44,6,1,False,0.18,"[-0.002839, -0.964487, -0.162251, 0.156564, -0.106053, -0.087592]"
"GA (selection=roulette, seed 1)",1000000006,218,567,9920,158,24,4,0,False,0.09,"[-0.002839, -0.964487, -0.162251, 0.156564, -0.106053, -0.087592]"
"GA (selection=roulette, seed 1)",1000000007,239,618,10720,168,31,3,0,False,0.1,"[-0.002839, -0.964487, -0.162251, 0.156564, -0.106053, -0.087592]"
"GA (selection=roulette, seed 1)",1000000008,510,1296,23040,366,60,8,0,False,0.25,"[-0.002839, -0.964487, -0.162251, 0.156564, -0.106053, -0.087592]"
"GA (selection=roulette, seed 1)",1000000009,51,149,2260,44,2,1,0,False,0.02,"[-0.002839, -0.964487, -0.162251, 0.156564, -0.106053, -0.087592]"
"GA (selection=roulette, seed 1)",1000000010,327,839,15280,237,40,2,1,False,0.17,"[-0.002839, -0.964487, -0.162251, 0.156564, -0.106053, -0.087592]"
"GA (selection=roulette, seed 1)",1000000011,236,609,10300,195,16,3,0,False,0.1,"[-0.002839, -0.964487, -0.162251, 0.156564, -0.106053, -0.087592]"
"GA (selection=roulette, seed 1)",1000000012,145,382,6300,110,16,1,0,False,0.07,"[-0.002839, -0.964487, -0.162251, 0.156564, -0.106053, -0.087592]"
"GA (selection=roulette, seed 1)",1000000013,101,272,4400,80,9,1,0,False,0.04,"[-0.002839, -0.964487, -0.162251, 0.156564, -0.106053, -0.087592]"
"GA (selection=roulette, seed 1)",1000000014,50,145,2120,38,6,0,0,False,0.02,"[-0.002839, -0.964487, -0.162251, 0.156564, -0.106053, -0.087592]"
"GA (selection=roulette, seed 1)",1000000015,73,203,3280,52,9,1,0,False,0.03,"[-0.002839, -0.964487, -0.162251, 0.156564, -0.106053, -0.087592]"
"GA (selection=roulette, seed 1)",1000000016,565,1434,26900,425,57,6,2,False,0.25,"[-0.002839, -0.964487, -0.162251, 0.156564, -0.106053, -0.087592]"
"GA (selection=roulette, seed 1)",1000000017,349,893,16700,235,49,4,1,False,0.15,"[-0.002839, -0.964487, -0.162251, 0.156564, -0.106053, -0.087592]"
"GA (selection=roulette, seed 1)",1000000018,71,198,4260,44,10,1,1,False,0.05,"[-0.002839, -0.964487, -0.162251, 0.156564, -0.106053, -0.087592]"
"GA (selection=roulette, seed 1)",1000000019,965,2434,43480,742,93,11,1,False,0.42,"[-0.002839, -0.964487, -0.162251, 0.156564, -0.106053, -0.087592]"
"GA (selection=roulette, seed 2)",1000000000,109,293,4420,103,3,0,0,False,0.06,"[-0.581736, -0.643687, -0.097353, 0.12643, -0.276896, -0.380942]"
"GA (selection=roulette, seed 2)",1000000001,112,300,4680,92,10,0,0,False,0.04,"[-0.581736, -0.643687, -0.097353, 0.12643, -0.276896, -0.380942]"
"GA (selection=roulette, seed 2)",1000000002,700,1770,29240,606,44,2,0,False,0.33,"[-0.581736, -0.643687, -0.097353, 0.12643, -0.276896, -0.380942]"
"GA (selection=roulette, seed 2)",1000000003,98,266,4060,84,7,0,0,False,0.07,"[-0.581736, -0.643687, -0.097353, 0.12643, -0.276896, -0.380942]"
"GA (selection=roulette, seed 2)",1000000004,137,363,6660,119,7,0,1,False,0.06,"[-0.581736, -0.643687, -0.097353, 0.12643, -0.276896, -0.380942]"
"GA (selection=roulette, seed 2)",1000000005,63,177,2580,57,3,0,0,False,0.03,"[-0.581736, -0.643687, -0.097353, 0.12643, -0.276896, -0.380942]"
"GA (selection=roulette, seed 2)",1000000006,206,535,8500,180,13,0,0,False,0.08,"[-0.581736, -0.643687, -0.097353, 0.12643, -0.276896, -0.380942]"
"GA (selection=roulette, seed 2)",1000000007,91,248,3780,77,7,0,0,False,0.05,"[-0.581736, -0.643687, -0.097353, 0.12643, -0.276896, -0.380942]"
"GA (selection=roulette, seed 2)",1000000008,27,89,1100,25,1,0,0,False,0.01,"[-0.581736, -0.643687, -0.097353, 0.12643, -0.276896, -0.380942]"
"GA (selection=roulette, seed 2)",1000000009,69,193,2920,53,8,0,0,False,0.03,"[-0.581736, -0.643687, -0.097353, 0.12643, -0.276896, -0.380942]"
"GA (selection=roulette, seed 2)",1000000010,160,421,6600,140,10,0,0,False,0.06,"[-0.581736, -0.643687, -0.097353, 0.12643, -0.276896, -0.380942]"
"GA (selection=roulette, seed 2)",1000000011,78,216,3480,57,9,1,0,False,0.03,"[-0.581736, -0.643687, -0.097353, 0.12643, -0.276896, -0.380942]"
"GA (selection=roulette, seed 2)",1000000012,105,283,4500,90,6,1,0,False,0.04,"[-0.581736, -0.643687, -0.097353, 0.12643, -0.276896, -0.380942]"
"GA (selection=roulette, seed 2)",1000000013,91,248,3740,81,5,0,0,False,0.04,"[-0.581736, -0.643687, -0.097353, 0.12643, -0.276896, -0.380942]"
"GA (selection=roulette, seed 2)",1000000014,40,120,1640,36,2,0,0,False,0.02,"[-0.581736, -0.643687, -0.097353, 0.12643, -0.276896, -0.380942]"
"GA (selection=roulette, seed 2)",1000000015,62,176,2600,50,6,0,0,False,0.03,"[-0.581736, -0.643687, -0.097353, 0.12643, -0.276896, -0.380942]"
"GA (selection=roulette, seed 2)",1000000016,114,305,4700,100,7,0,0,False,0.04,"[-0.581736, -0.643687, -0.097353, 0.12643, -0.276896, -0.380942]"
"GA (selection=roulette, seed 2)",1000000017,91,247,3720,83,4,0,0,False,0.04,"[-0.581736, -0.643687, -0.097353, 0.12643, -0.276896, -0.380942]"
"GA (selection=roulette, seed 2)",1000000018,287,736,12240,241,20,2,0,False,0.11,"[-0.581736, -0.643687, -0.097353, 0.12643, -0.276896, -0.380942]"
"GA (selection=roulette, seed 2)",1000000019,360,921,15140,316,19,2,0,False,0.19,"[-0.581736, -0.643687, -0.097353, 0.12643, -0.276896, -0.380942]"
"GA (selection=roulette, seed 3)",1000000000,85,233,3620,63,11,0,0,False,0.06,"[-0.511333, -0.401036, -0.093573, 0.735412, -0.102386, -0.132813]"
"GA (selection=roulette, seed 3)",1000000001,122,325,5240,101,9,1,0,False,0.07,"[-0.511333, -0.401036, -0.093573, 0.735412, -0.102386, -0.132813]"
"GA (selection=roulette, seed 3)",1000000002,118,316,6000,90,12,0,1,False,0.05,"[-0.511333, -0.401036, -0.093573, 0.735412, -0.102386, -0.132813]"
"GA (selection=roulette, seed 3)",1000000003,133,352,5560,109,12,0,0,False,0.06,"[-0.511333, -0.401036, -0.093573, 0.735412, -0.102386, -0.132813]"
"GA (selection=roulette, seed 3)",1000000004,128,341,5340,106,11,0,0,False,0.05,"[-0.511333, -0.401036, -0.093573, 0.735412, -0.102386, -0.132813]"
"GA (selection=roulette, seed 3)",1000000005,240,621,12540,191,16,3,2,False,0.09,"[-0.511333, -0.401036, -0.093573, 0.735412, -0.102386, -0.132813]"
"GA (selection=roulette, seed 3)",1000000006,235,609,9700,205,15,0,0,False,0.14,"[-0.511333, -0.401036, -0.093573, 0.735412, -0.102386, -0.132813]"
"GA (selection=roulette, seed 3)",1000000007,35,108,1480,27,4,0,0,False,0.02,"[-0.511333, -0.401036, -0.093573, 0.735412, -0.102386, -0.132813]"
"GA (selection=roulette, seed 3)",1000000008,70,196,2900,60,5,0,0,False,0.03,"[-0.511333, -0.401036, -0.093573, 0.735412, -0.102386, -0.132813]"
"GA (selection=roulette, seed 3)",1000000009,164,430,7180,132,13,2,0,False,0.06,"[-0.511333, -0.401036, -0.093573, 0.735412, -0.102386, -0.132813]"
"GA (selection=roulette, seed 3)",1000000010,33,103,1400,25,4,0,0,False,0.02,"[-0.511333, -0.401036, -0.093573, 0.735412, -0.102386, -0.132813]"
"GA (selection=roulette, seed 3)",1000000011,103,278,5460,84,6,1,1,False,0.04,"[-0.511333, -0.401036, -0.093573, 0.735412, -0.102386, -0.132813]"
"GA (selection=roulette, seed 3)",1000000012,382,977,18640,306,28,4,2,False,0.15,"[-0.511333, -0.401036, -0.093573, 0.735412, -0.102386, -0.132813]"
"GA (selection=roulette, seed 3)",1000000013,116,311,5020,93,10,1,0,False,0.05,"[-0.511333, -0.401036, -0.093573, 0.735412, -0.102386, -0.132813]"
"GA (selection=roulette, seed 3)",1000000014,22,76,940,16,3,0,0,False,0.01,"[-0.511333, -0.401036, -0.093573, 0.735412, -0.102386, -0.132813]"
"GA (selection=roulette, seed 3)",1000000015,66,185,2920,53,5,1,0,False,0.02,"[-0.511333, -0.401036, -0.093573, 0.735412, -0.102386, -0.132813]"
"GA (selection=roulette, seed 3)",1000000016,438,1117,19700,365,30,3,1,False,0.16,"[-0.511333, -0.401036, -0.093573, 0.735412, -0.102386, -0.132813]"
"GA (selection=roulette, seed 3)",1000000017,148,390,6140,126,11,0,0,False,0.06,"[-0.511333, -0.401036, -0.093573, 0.735412, -0.102386, -0.132813]"
"GA (selection=roulette, seed 3)",1000000018,122,325,5140,111,4,1,0,False,0.06,"[-0.511333, -0.401036, -0.093573, 0.735412, -0.102386, -0.132813]"
"GA (selection=roulette, seed 3)",1000000019,25,83,1040,21,2,0,0,False,0.02,"[-0.511333, -0.401036, -0.093573, 0.735412, -0.102386, -0.132813]"
"GA (selection=roulette, seed 4)",1000000000,162,426,6920,133,13,1,0,False,0.06,"[-0.178776, -0.879517, -0.188251, -0.385507, 0.084814, -0.056929]"
"GA (selection=roulette, seed 4)",1000000001,64,180,2640,56,4,0,0,False,0.03,"[-0.178776, -0.879517, -0.188251, -0.385507, 0.084814, -0.056929]"
"GA (selection=roulette, seed 4)",1000000002,126,336,5500,95,14,1,0,False,0.05,"[-0.178776, -0.879517, -0.188251, -0.385507, 0.084814, -0.056929]"
"GA (selection=roulette, seed 4)",1000000003,385,983,16720,313,30,4,0,False,0.15,"[-0.178776, -0.879517, -0.188251, -0.385507, 0.084814, -0.056929]"
"GA (selection=roulette, seed 4)",1000000004,271,699,12420,213,27,0,1,False,0.1,"[-0.178776, -0.879517, -0.188251, -0.385507, 0.084814, -0.056929]"
"GA (selection=roulette, seed 4)",1000000005,15,57,620,13,1,0,0,False,0.01,"[-0.178776, -0.879517, -0.188251, -0.385507, 0.084814, -0.056929]"
"GA (selection=roulette, seed 4)",1000000006,205,533,8760,179,10,2,0,False,0.08,"[-0.178776, -0.879517, -0.188251, -0.385507, 0.084814, -0.056929]"
"GA (selection=roulette, seed 4)",1000000007,542,1375,25060,449,38,3,2,False,0.22,"[-0.178776, -0.879517, -0.188251, -0.385507, 0.084814, -0.056929]"
"GA (selection=roulette, seed 4)",1000000008,26,86,1440,16,2,2,0,False,0.01,"[-0.178776, -0.879517, -0.188251, -0.385507, 0.084814, -0.056929]"
"GA (selection=roulette, seed 4)",1000000009,142,375,6000,110,16,0,0,False,0.05,"[-0.178776, -0.879517, -0.188251, -0.385507, 0.084814, -0.056929]"
"GA (selection=roulette, seed 4)",1000000010,26,85,1100,20,3,0,0,False,0.01,"[-0.178776, -0.879517, -0.188251, -0.385507, 0.084814, -0.056929]"
"GA (selection=roulette, seed 4)",1000000011,236,610,9880,192,22,0,0,False,0.09,"[-0.178776, -0.879517, -0.188251, -0.385507, 0.084814, -0.056929]"
"GA (selection=roulette, seed 4)",1000000012,206,535,12080,152,18,2,3,False,0.09,"[-0.178776, -0.879517, -0.188251, -0.385507, 0.084814, -0.056929]"
"GA (selection=roulette, seed 4)",1000000013,224,579,9480,187,17,1,0,False,0.11,"[-0.178776, -0.879517, -0.188251, -0.385507, 0.084814, -0.056929]"
"GA (selection=roulette, seed 4)",1000000014,198,515,8820,153,18,3,0,False,0.1,"[-0.178776, -0.879517, -0.188251, -0.385507, 0.084814, -0.056929]"
"GA (selection=roulette, seed 4)",1000000015,71,199,2980,57,7,0,0,False,0.04,"[-0.178776, -0.879517, -0.188251, -0.385507, 0.084814, -0.056929]"
"GA (selection=roulette, seed 4)",1000000016,485,1233,21880,397,36,4,1,False,0.22,"[-0.178776, -0.879517, -0.188251, -0.385507, 0.084814, -0.056929]"
"GA (selection=roulette, seed 4)",1000000017,155,408,6420,133,11,0,0,False,0.06,"[-0.178776, -0.879517, -0.188251, -0.385507, 0.084814, -0.056929]"
"GA (selection=roulette, seed 4)",1000000018,48,141,2200,35,5,1,0,False,0.02,"[-0.178776, -0.879517, -0.188251, -0.385507, 0.084814, -0.056929]"
"GA (selection=roulette, seed 4)",1000000019,40,120,1880,27,5,1,0,False,0.02,"[-0.178776, -0.879517, -0.188251, -0.385507, 0.084814, -0.056929]"
"GA (selection=roulette, seed 5)",1000000000,367,939,15660,299,31,2,0,False,0.15,"[-0.926635, -0.212873, -0.150451, 0.251384, -0.047103, -0.089358]"
"GA (selection=roulette, seed 5)",1000000001,121,323,5400,95,10,2,0,False,0.06,"[-0.926635, -0.212873, -0.150451, 0.251384, -0.047103, -0.089358]"
"GA (selection=roulette, seed 5)",1000000002,391,998,16960,304,39,3,0,False,0.17,"[-0.926635, -0.212873, -0.150451, 0.251384, -0.047103, -0.089358]"
"GA (selection=roulette, seed 5)",1000000003,72,201,3020,58,7,0,0,False,0.03,"[-0.926635, -0.212873, -0.150451, 0.251384, -0.047103, -0.089358]"
"GA (selection=roulette, seed 5)",1000000004,204,531,9480,172,14,0,1,False,0.08,"[-0.926635, -0.212873, -0.150451, 0.251384, -0.047103, -0.089358]"
"GA (selection=roulette, seed 5)",1000000005,70,195,3120,53,7,1,0,False,0.03,"[-0.926635, -0.212873, -0.150451, 0.251384, -0.047103, -0.089358]"
"GA (selection=roulette, seed 5)",1000000006,61,173,2680,52,3,1,0,False,0.03,"[-0.926635, -0.212873, -0.150451, 0.251384, -0.047103, -0.089358]"
"GA (selection=roulette, seed 5)",1000000007,297,762,13340,241,19,6,0,False,0.14,"[-0.926635, -0.212873, -0.150451, 0.251384, -0.047103, -0.089358]"
"GA (selection=roulette, seed 5)",1000000008,130,345,5740,106,9,2,0,False,0.05,"[-0.926635, -0.212873, -0.150451, 0.251384, -0.047103, -0.089358]"
"GA (selection=roulette, seed 5)",1000000009,72,200,3300,60,3,2,0,False,0.03,"[-0.926635, -0.212873, -0.150451, 0.251384, -0.047103, -0.089358]"
"GA (selection=roulette, seed 5)",1000000010,334,856,14580,272,25,4,0,False,0.13,"[-0.926635, -0.212873, -0.150451, 0.251384, -0.047103, -0.089358]"
"GA (selection=roulette, seed 5)",1000000011,90,244,4720,78,4,0,1,False,0.03,"[-0.926635, -0.212873, -0.150451, 0.251384, -0.047103, -0.089358]"
"GA (selection=roulette, seed 5)",1000000012,73,202,3200,60,5,1,0,False,0.03,"[-0.926635, -0.212873, -0.150451, 0.251384, -0.047103, -0.089358]"
"GA (selection=roulette, seed 5)",1000000013,434,1106,20580,357,30,3,2,False,0.2,"[-0.926635, -0.212873, -0.150451, 0.251384, -0.047103, -0.089358]"
"GA (selection=roulette, seed 5)",1000000014,339,869,14300,280,28,1,0,False,0.13,"[-0.926635, -0.212873, -0.150451, 0.251384, -0.047103, -0.089358]"
"GA (selection=roulette, seed 5)",1000000015,390,997,18540,301,32,7,1,False,0.15,"[-0.926635, -0.212873, -0.150451, 0.251384, -0.047103, -0.089358]"
"GA (selection=roulette, seed 5)",1000000016,71,197,3100,60,4,1,0,False,0.03,"[-0.926635, -0.212873, -0.150451, 0.251384, -0.047103, -0.089358]"
"GA (selection=roulette, seed 5)",1000000017,144,380,6440,106,16,2,0,False,0.07,"[-0.926635, -0.212873, -0.150451, 0.251384, -0.047103, -0.089358]"
"GA (selection=roulette, seed 5)",1000000018,136,360,6000,110,10,2,0,False,0.05,"[-0.926635, -0.212873, -0.150451, 0.251384, -0.047103, -0.089358]"
"GA (selection=roulette, seed 5)",1000000019,355,908,15380,297,23,4,0,False,0.13,"[-0.926635, -0.212873, -0.150451, 0.251384, -0.047103, -0.089358]"
"GA (selection=roulette, seed 6)",1000000000,99,267,4240,86,5,1,0,False,0.04,"[-0.882024, -0.312261, -0.173377, 0.296003, -0.0231, -0.079465]"
"GA (selection=roulette, seed 6)",1000000001,127,339,5580,107,7,2,0,False,0.05,"[-0.882024, -0.312261, -0.173377, 0.296003, -0.0231, -0.079465]"
"GA (selection=roulette, seed 6)",1000000002,131,348,5680,102,13,1,0,False,0.05,"[-0.882024, -0.312261, -0.173377, 0.296003, -0.0231, -0.079465]"
"GA (selection=roulette, seed 6)",1000000003,147,389,6320,118,13,1,0,False,0.06,"[-0.882024, -0.312261, -0.173377, 0.296003, -0.0231, -0.079465]"
"GA (selection=roulette, seed 6)",1000000004,202,525,8600,165,17,1,0,False,0.08,"[-0.882024, -0.312261, -0.173377, 0.296003, -0.0231, -0.079465]"
"GA (selection=roulette, seed 6)",1000000005,218,566,9560,179,15,3,0,False,0.08,"[-0.882024, -0.312261, -0.173377, 0.296003, -0.0231, -0.079465]"
"GA (selection=roulette, seed 6)",1000000006,352,902,15380,282,29,4,0,False,0.13,"[-0.882024, -0.312261, -0.173377, 0.296003, -0.0231, -0.079465]"
"GA (selection=roulette, seed 6)",1000000007,284,731,13000,210,28,6,0,False,0.1,"[-0.882024, -0.312261, -0.173377, 0.296003, -0.0231, -0.079465]"
"GA (selection=roulette, seed 6)",1000000008,203,528,8840,161,18,2,0,False,0.08,"[-0.882024, -0.312261, -0.173377, 0.296003, -0.0231, -0.079465]"
"GA (selection=roulette, seed 6)",1000000009,56,159,2300,50,3,0,0,False,0.02,"[-0.882024, -0.312261, -0.173377, 0.296003, -0.0231, -0.079465]"
"GA (selection=roulette, seed 6)",1000000010,42,127,1720,38,2,0,0,False,0.02,"[-0.882024, -0.312261, -0.173377, 0.296003, -0.0231, -0.079465]"
"GA (selection=roulette, seed 6)",1000000011,95,257,3980,77,9,0,0,False,0.05,"[-0.882024, -0.312261, -0.173377, 0.296003, -0.0231, -0.079465]"
"GA (selection=roulette, seed 6)",1000000012,129,342,5640,96,15,1,0,False,0.06,"[-0.882024, -0.312261, -0.173377, 0.296003, -0.0231, -0.079465]"
"GA (selection=roulette, seed 6)",1000000013,172,451,7460,129,20,1,0,False,0.09,"[-0.882024, -0.312261, -0.173377, 0.296003, -0.0231, -0.079465]"
"GA (selection=roulette, seed 6)",1000000014,135,359,5580,117,9,0,0,False,0.06,"[-0.882024, -0.312261, -0.173377, 0.296003, -0.0231, -0.079465]"
"GA (selection=roulette, seed 6)",1000000015,96,259,3980,82,7,0,0,False,0.05,"[-0.882024, -0.312261, -0.173377, 0.296003, -0.0231, -0.079465]"
"GA (selection=roulette, seed 6)",1000000016,124,330,5120,108,8,0,0,False,0.05,"[-0.882024, -0.312261, -0.173377, 0.296003, -0.0231, -0.079465]"
"GA (selection=roulette, seed 6)",1000000017,183,478,7840,161,8,2,0,False,0.07,"[-0.882024, -0.312261, -0.173377, 0.296003, -0.0231, -0.079465]"
"GA (selection=roulette, seed 6)",1000000018,227,588,9740,191,15,2,0,False,0.09,"[-0.882024, -0.312261, -0.173377, 0.296003, -0.0231, -0.079465]"
"GA (selection=roulette, seed 6)",1000000019,153,403,6540,126,12,1,0,False,0.07,"[-0.882024, -0.312261, -0.173377, 0.296003, -0.0231, -0.079465]"
"GA (selection=roulette, seed 7)",1000000000,159,418,6460,149,5,0,0,False,0.07,"[-0.45598, -0.806549, -0.108723, 0.170554, -0.215039, -0.233257]"
"GA (selection=roulette, seed 7)",1000000001,420,1069,20020,343,30,3,2,False,0.18,"[-0.45598, -0.806549, -0.108723, 0.170554, -0.215039, -0.233257]"
"GA (selection=roulette, seed 7)",1000000002,105,283,4320,93,6,0,0,False,0.04,"[-0.45598, -0.806549, -0.108723, 0.170554, -0.215039, -0.233257]"
"GA (selection=roulette, seed 7)",1000000003,37,114,1680,32,1,1,0,False,0.02,"[-0.45598, -0.806549, -0.108723, 0.170554, -0.215039, -0.233257]"
"GA (selection=roulette, seed 7)",1000000004,85,233,3500,75,5,0,0,False,0.04,"[-0.45598, -0.806549, -0.108723, 0.170554, -0.215039, -0.233257]"
"GA (selection=roulette, seed 7)",1000000005,67,188,2740,61,3,0,0,False,0.03,"[-0.45598, -0.806549, -0.108723, 0.170554, -0.215039, -0.233257]"
"GA (selection=roulette, seed 7)",1000000006,121,324,5000,105,8,0,0,False,0.05,"[-0.45598, -0.806549, -0.108723, 0.170554, -0.215039, -0.233257]"
"GA (selection=roulette, seed 7)",1000000007,523,1329,22900,415,45,6,0,False,0.21,"[-0.45598, -0.806549, -0.108723, 0.170554, -0.215039, -0.233257]"
"GA (selection=roulette, seed 7)",1000000008,219,569,9540,186,12,3,0,False,0.09,"[-0.45598, -0.806549, -0.108723, 0.170554, -0.215039, -0.233257]"
"GA (selection=roulette, seed 7)",1000000009,88,241,3600,80,4,0,0,False,0.03,"[-0.45598, -0.806549, -0.108723, 0.170554, -0.215039, -0.233257]"
"GA (selection=roulette, seed 7)",1000000010,172,451,7080,152,10,0,0,False,0.07,"[-0.45598, -0.806549, -0.108723, 0.170554, -0.215039, -0.233257]"
"GA (selection=roulette, seed 7)",1000000011,71,199,3180,52,8,1,0,False,0.03,"[-0.45598, -0.806549, -0.108723, 0.170554, -0.215039, -0.233257]"
"GA (selection=roulette, seed 7)",1000000012,431,1098,18200,350,39,1,0,False,0.17,"[-0.45598, -0.806549, -0.108723, 0.170554, -0.215039, -0.233257]"
"GA (selection=roulette, seed 7)",1000000013,147,388,6280,122,11,1,0,False,0.06,"[-0.45598, -0.806549, -0.108723, 0.170554, -0.215039, -0.233257]"
"GA (selection=roulette, seed 7)",1000000014,135,360,5600,115,10,0,0,False,0.05,"[-0.45598, -0.806549, -0.108723, 0.170554, -0.215039, -0.233257]"
"GA (selection=roulette, seed 7)",1000000015,434,1106,19580,357,32,3,1,False,0.17,"[-0.45598, -0.806549, -0.108723, 0.170554, -0.215039, -0.233257]"
"GA (selection=roulette, seed 7)",1000000016,149,394,6520,123,10,2,0,False,0.06,"[-0.45598, -0.806549, -0.108723, 0.170554, -0.215039, -0.233257]"
"GA (selection=roulette, seed 7)",1000000017,39,119,1600,35,2,0,0,False,0.02,"[-0.45598, -0.806549, -0.108723, 0.170554, -0.215039, -0.233257]"
"GA (selection=roulette, seed 7)",1000000018,168,441,7360,134,14,2,0,False,0.07,"[-0.45598, -0.806549, -0.108723, 0.170554, -0.215039, -0.233257]"
"GA (selection=roulette, seed 7)",1000000019,53,153,2200,45,4,0,0,False,0.02,"[-0.45598, -0.806549, -0.108723, 0.170554, -0.215039, -0.233257]"
"GA (selection=roulette, seed 8)",1000000000,59,167,2420,53,3,0,0,False,0.03,"[-0.348714, -0.870023, -0.184541, -0.074601, -0.246518, -0.145147]"
"GA (selection=roulette, seed 8)",1000000001,81,223,3480,72,3,1,0,False,0.03,"[-0.348714, -0.870023, -0.184541, -0.074601, -0.246518, -0.145147]"
"GA (selection=roulette, seed 8)",1000000002,373,952,15440,321,26,0,0,False,0.14,"[-0.348714, -0.870023, -0.184541, -0.074601, -0.246518, -0.145147]"
"GA (selection=roulette, seed 8)",1000000003,218,566,9180,187,14,1,0,False,0.12,"[-0.348714, -0.870023, -0.184541, -0.074601, -0.246518, -0.145147]"
"GA (selection=roulette, seed 8)",1000000004,165,434,6960,144,9,1,0,False,0.07,"[-0.348714, -0.870023, -0.184541, -0.074601, -0.246518, -0.145147]"
"GA (selection=roulette, seed 8)",1000000005,46,137,2080,37,3,1,0,False,0.03,"[-0.348714, -0.870023, -0.184541, -0.074601, -0.246518, -0.145147]"
"GA (selection=roulette, seed 8)",1000000006,32,100,1300,30,1,0,0,False,0.02,"[-0.348714, -0.870023, -0.184541, -0.074601, -0.246518, -0.145147]"
"GA (selection=roulette, seed 8)",1000000007,201,523,8560,164,17,1,0,False,0.08,"[-0.348714, -0.870023, -0.184541, -0.074601, -0.246518, -0.145147]"
"GA (selection=roulette, seed 8)",1000000008,63,179,2600,55,4,0,0,False,0.03,"[-0.348714, -0.870023, -0.184541, -0.074601, -0.246518, -0.145147]"
"GA (selection=roulette, seed 8)",1000000009,57,163,2340,51,3,0,0,False,0.03,"[-0.348714, -0.870023, -0.184541, -0.074601, -0.246518, -0.145147]"
"GA (selection=roulette, seed 8)",1000000010,330,845,14320,263,29,3,0,False,0.17,"[-0.348714, -0.870023, -0.184541, -0.074601, -0.246518, -0.145147]"
"GA (selection=roulette, seed 8)",1000000011,215,559,8880,187,14,0,0,False,0.09,"[-0.348714, -0.870023, -0.184541, -0.074601, -0.246518, -0.145147]"
"GA (selection=roulette, seed 8)",1000000012,218,567,9240,181,17,1,0,False,0.09,"[-0.348714, -0.870023, -0.184541, -0.074601, -0.246518, -0.145147]"
"GA (selection=roulette, seed 8)",1000000013,100,271,4140,86,7,0,0,False,0.05,"[-0.348714, -0.870023, -0.184541, -0.074601, -0.246518, -0.145147]"
"GA (selection=roulette, seed 8)",1000000014,165,434,6840,141,12,0,0,False,0.06,"[-0.348714, -0.870023, -0.184541, -0.074601, -0.246518, -0.145147]"
"GA (selection=roulette, seed 8)",1000000015,126,335,5260,104,11,0,0,False,0.05,"[-0.348714, -0.870023, -0.184541, -0.074601, -0.246518, -0.145147]"
"GA (selection=roulette, seed 8)",1000000016,249,644,11060,199,19,4,0,False,0.09,"[-0.348714, -0.870023, -0.184541, -0.074601, -0.246518, -0.145147]"
"GA (selection=roulette, seed 8)",1000000017,88,241,3660,74,7,0,0,False,0.03,"[-0.348714, -0.870023, -0.184541, -0.074601, -0.246518, -0.145147]"
"GA (selection=roulette, seed 8)",1000000018,145,382,6080,117,14,0,0,False,0.05,"[-0.348714, -0.870023, -0.184541, -0.074601, -0.246518, -0.145147]"
"GA (selection=roulette, seed 8)",1000000019,234,606,9780,207,12,1,0,False,0.1,"[-0.348714, -0.870023, -0.184541, -0.074601, -0.246518, -0.145147]"
"GA (selection=roulette, seed 9)",1000000000,386,985,16300,330,25,2,0,False,0.16,"[-0.820847, -0.503659, -0.184518, 0.047927, -0.055687, -0.181915]"
"GA (selection=roulette, seed 9)",1000000001,231,598,9400,215,8,0,0,False,0.11,"[-0.820847, -0.503659, -0.184518, 0.047927, -0.055687, -0.181915]"
"GA (selection=roulette, seed 9)",1000000002,224,581,9640,186,16,2,0,False,0.08,"[-0.820847, -0.503659, -0.184518, 0.047927, -0.055687, -0.181915]"
"GA (selection=roulette, seed 9)",1000000003,386,985,16060,324,31,0,0,False,0.14,"[-0.820847, -0.503659, -0.184518, 0.047927, -0.055687, -0.181915]"
"GA (selection=roulette, seed 9)",1000000004,187,489,8820,153,15,0,1,False,0.07,"[-0.820847, -0.503659, -0.184518, 0.047927, -0.055687, -0.181915]"
"GA (selection=roulette, seed 9)",1000000005,36,110,1660,29,2,1,0,False,0.03,"[-0.820847, -0.503659, -0.184518, 0.047927, -0.055687, -0.181915]"
"GA (selection=roulette, seed 9)",1000000006,116,311,4780,102,7,0,0,False,0.05,"[-0.820847, -0.503659, -0.184518, 0.047927, -0.055687, -0.181915]"
"GA (selection=roulette, seed 9)",1000000007,340,871,14400,290,22,2,0,False,0.17,"[-0.820847, -0.503659, -0.184518, 0.047927, -0.055687, -0.181915]"
"GA (selection=roulette, seed 9)",1000000008,218,565,9540,181,14,3,0,False,0.1,"[-0.820847, -0.503659, -0.184518, 0.047927, -0.055687, -0.181915]"
"GA (selection=roulette, seed 9)",1000000009,261,673,11100,225,15,2,0,False,0.1,"[-0.820847, -0.503659, -0.184518, 0.047927, -0.055687, -0.181915]"
"GA (selection=roulette, seed 9)",1000000010,55,158,2280,47,4,0,0,False,0.02,"[-0.820847, -0.503659, -0.184518, 0.047927, -0.055687, -0.181915]"
"GA (selection=roulette, seed 9)",1000000011,64,181,2640,56,4,0,0,False,0.03,"[-0.820847, -0.503659, -0.184518, 0.047927, -0.055687, -0.181915]"
"GA (selection=roulette, seed 9)",1000000012,33,104,1360,29,2,0,0,False,0.01,"[-0.820847, -0.503659, -0.184518, 0.047927, -0.055687, -0.181915]"
"GA (selection=roulette, seed 9)",1000000013,116,311,4800,100,8,0,0,False,0.05,"[-0.820847, -0.503659, -0.184518, 0.047927, -0.055687, -0.181915]"
"GA (selection=roulette, seed 9)",1000000014,62,175,2500,60,1,0,0,False,0.02,"[-0.820847, -0.503659, -0.184518, 0.047927, -0.055687, -0.181915]"
"GA (selection=roulette, seed 9)",1000000015,50,146,2040,46,2,0,0,False,0.02,"[-0.820847, -0.503659, -0.184518, 0.047927, -0.055687, -0.181915]"
"GA (selection=roulette, seed 9)",1000000016,122,325,4940,116,3,0,0,False,0.05,"[-0.820847, -0.503659, -0.184518, 0.047927, -0.055687, -0.181915]"
"GA (selection=roulette, seed 9)",1000000017,142,376,6100,115,12,1,0,False,0.06,"[-0.820847, -0.503659, -0.184518, 0.047927, -0.055687, -0.181915]"
"GA (selection=roulette, seed 9)",1000000018,191,497,8280,157,14,2,0,False,0.08,"[-0.820847, -0.503659, -0.184518, 0.047927, -0.055687, -0.181915]"
"GA (selection=roulette, seed 9)",1000000019,107,289,4820,83,9,2,0,False,0.05,"[-0.820847, -0.503659, -0.184518, 0.047927, -0.055687, -0.181915]"
"GA (crossover=uniform+selection=roulette, seed 0)",1000000000,103,277,4320,83,10,0,0,False,0.04,"[-0.932014, -0.132662, -0.113503, -0.255661, -0.028997, -0.186183]"
"GA (crossover=uniform+selection=roulette, seed 0)",1000000001,19,68,820,13,3,0,0,False,0.01,"[-0.932014, -0.132662, -0.113503, -0.255661, -0.028997, -0.186183]"
"GA (crossover=uniform+selection=roulette, seed 0)",1000000002,56,161,2520,43,5,1,0,False,0.02,"[-0.932014, -0.132662, -0.113503, -0.255661, -0.028997, -0.186183]"
"GA (crossover=uniform+selection=roulette, seed 0)",1000000003,137,362,5960,104,15,1,0,False,0.08,"[-0.932014, -0.132662, -0.113503, -0.255661, -0.028997, -0.186183]"
"GA (crossover=uniform+selection=roulette, seed 0)",1000000004,390,995,17660,314,33,2,1,False,0.15,"[-0.932014, -0.132662, -0.113503, -0.255661, -0.028997, -0.186183]"
"GA (crossover=uniform+selection=roulette, seed 0)",1000000005,65,184,2640,61,2,0,0,False,0.04,"[-0.932014, -0.132662, -0.113503, -0.255661, -0.028997, -0.186183]"
"GA (crossover=uniform+selection=roulette, seed 0)",1000000006,543,1378,25060,454,36,3,2,False,0.32,"[-0.932014, -0.132662, -0.113503, -0.255661, -0.028997, -0.186183]"
"GA (crossover=uniform+selection=roulette, seed 0)",1000000007,83,229,3440,71,6,0,0,False,0.04,"[-0.932014, -0.132662, -0.113503, -0.255661, -0.028997, -0.186183]"
"GA (crossover=uniform+selection=roulette, seed 0)",1000000008,313,803,13000,265,24,0,0,False,0.13,"[-0.932014, -0.132662, -0.113503, -0.255661, -0.028997, -0.186183]"
"GA (crossover=uniform+selection=roulette, seed 0)",1000000009,85,232,3560,69,8,0,0,False,0.05,"[-0.932014, -0.132662, -0.113503, -0.255661, -0.028997, -0.186183]"
"GA (crossover=uniform+selection=roulette, seed 0)",1000000010,225,583,9220,203,11,0,0,False,0.1,"[-0.932014, -0.132662, -0.113503, -0.255661, -0.028997, -0.186183]"
"GA (crossover=uniform+selection=roulette, seed 0)",1000000011,97,263,4040,81,8,0,0,False,0.05,"[-0.932014, -0.132662, -0.113503, -0.255661, -0.028997, -0.186183]"
"GA (crossover=uniform+selection=roulette, seed 0)",1000000012,352,902,14900,300,23,2,0,False,0.19,"[-0.932014, -0.132662, -0.113503, -0.255661, -0.028997, -0.186183]"
"GA (crossover=uniform+selection=roulette, seed 0)",1000000013,338,865,14440,291,19,3,0,False,0.17,"[-0.932014, -0.132662, -0.113503, -0.255661, -0.028997, -0.186183]"
"GA (crossover=uniform+selection=roulette, seed 0)",1000000014,213,552,9180,177,15,2,0,False,0.08,"[-0.932014, -0.132662, -0.113503, -0.255661, -0.028997, -0.186183]"
"GA (crossover=uniform+selection=roulette, seed 0)",1000000015,67,188,3040,46,9,1,0,False,0.04,"[-0.932014, -0.132662, -0.113503, -0.255661, -0.028997, -0.186183]"
"GA (crossover=uniform+selection=roulette, seed 0)",1000000016,32,101,1320,28,2,0,0,False,0.02,"[-0.932014, -0.132662, -0.113503, -0.255661, -0.028997, -0.186183]"
"GA (crossover=uniform+selection=roulette, seed 0)",1000000017,70,195,2940,56,7,0,0,False,0.03,"[-0.932014, -0.132662, -0.113503, -0.255661, -0.028997, -0.186183]"
"GA (crossover=uniform+selection=roulette, seed 0)",1000000018,124,332,5280,107,7,1,0,False,0.05,"[-0.932014, -0.132662, -0.113503, -0.255661, -0.028997, -0.186183]"
"GA (crossover=uniform+selection=roulette, seed 0)",1000000019,35,108,1520,23,6,0,0,False,0.02,"[-0.932014, -0.132662, -0.113503, -0.255661, -0.028997, -0.186183]"
"GA (crossover=uniform+selection=roulette, seed 1)",1000000000,240,621,10520,178,28,2,0,False,0.1,"[-0.084433, -0.84681, -0.125749, -0.5006, 0.026248, -0.093175]"
"GA (crossover=uniform+selection=roulette, seed 1)",1000000001,131,350,7280,87,14,4,1,False,0.05,"[-0.084433, -0.84681, -0.125749, -0.5006, 0.026248, -0.093175]"
"GA (crossover=uniform+selection=roulette, seed 1)",1000000002,119,318,5060,89,15,0,0,False,0.04,"[-0.084433, -0.84681, -0.125749, -0.5006, 0.026248, -0.093175]"
"GA (crossover=uniform+selection=roulette, seed 1)",1000000003,76,210,4320,48,12,0,1,False,0.03,"[-0.084433, -0.84681, -0.125749, -0.5006, 0.026248, -0.093175]"
"GA (crossover=uniform+selection=roulette, seed 1)",1000000004,187,488,9360,129,24,2,1,False,0.07,"[-0.084433, -0.84681, -0.125749, -0.5006, 0.026248, -0.093175]"
"GA (crossover=uniform+selection=roulette, seed 1)",1000000005,239,619,10660,174,28,3,0,False,0.1,"[-0.084433, -0.84681, -0.125749, -0.5006, 0.026248, -0.093175]"
"GA (crossover=uniform+selection=roulette, seed 1)",1000000006,400,1021,18400,280,48,8,0,False,0.16,"[-0.084433, -0.84681, -0.125749, -0.5006, 0.026248, -0.093175]"
"GA (crossover=uniform+selection=roulette, seed 1)",1000000007,122,326,7380,87,12,1,2,False,0.05,"[-0.084433, -0.84681, -0.125749, -0.5006, 0.026248, -0.093175]"
"GA (crossover=uniform+selection=roulette, seed 1)",1000000008,884,2230,46940,596,105,18,6,False,0.37,"[-0.084433, -0.84681, -0.125749, -0.5006, 0.026248, -0.093175]"
"GA (crossover=uniform+selection=roulette, seed 1)",1000000009,123,328,5740,86,14,3,0,False,0.05,"[-0.084433, -0.84681, -0.125749, -0.5006, 0.026248, -0.093175]"
"GA (crossover=uniform+selection=roulette, seed 1)",1000000010,158,416,8160,119,13,3,1,False,0.08,"[-0.084433, -0.84681, -0.125749, -0.5006, 0.026248, -0.093175]"
"GA (crossover=uniform+selection=roulette, seed 1)",1000000011,53,153,2520,43,2,2,0,False,0.02,"[-0.084433, -0.84681, -0.125749, -0.5006, 0.026248, -0.093175]"
"GA (crossover=uniform+selection=roulette, seed 1)",1000000012,237,614,10240,191,20,2,0,False,0.11,"[-0.084433, -0.84681, -0.125749, -0.5006, 0.026248, -0.093175]"
"GA (crossover=uniform+selection=roulette, seed 1)",1000000013,76,211,3200,60,8,0,0,False,0.03,"[-0.084433, -0.84681, -0.125749, -0.5006, 0.026248, -0.093175]"
"GA (crossover=uniform+selection=roulette, seed 1)",1000000014,17,62,720,13,2,0,0,False,0.01,"[-0.084433, -0.84681, -0.125749, -0.5006, 0.026248, -0.093175]"
"GA (crossover=uniform+selection=roulette, seed 1)",1000000015,442,1126,20700,330,45,6,1,False,0.17,"[-0.084433, -0.84681, -0.125749, -0.5006, 0.026248, -0.093175]"
"GA (crossover=uniform+selection=roulette, seed 1)",1000000016,343,879,15660,279,27,2,1,False,0.16,"[-0.084433, -0.84681, -0.125749, -0.5006, 0.026248, -0.093175]"
"GA (crossover=uniform+selection=roulette, seed 1)",1000000017,293,754,14520,213,36,0,2,False,0.12,"[-0.084433, -0.84681, -0.125749, -0.5006, 0.026248, -0.093175]"
"GA (crossover=uniform+selection=roulette, seed 1)",1000000018,270,696,14200,190,30,4,2,False,0.1,"[-0.084433, -0.84681, -0.125749, -0.5006, 0.026248, -0.093175]"
"GA (crossover=uniform+selection=roulette, seed 1)",1000000019,812,2051,39140,581,96,9,3,False,0.3,"[-0.084433, -0.84681, -0.125749, -0.5006, 0.026248, -0.093175]"
"GA (crossover=uniform+selection=roulette, seed 2)",1000000000,295,759,12580,247,21,2,0,False,0.12,"[-0.773426, -0.331433, -0.077459, -0.45457, -0.190645, -0.207329]"
"GA (crossover=uniform+selection=roulette, seed 2)",1000000001,92,252,4840,76,6,0,1,False,0.03,"[-0.773426, -0.331433, -0.077459, -0.45457, -0.190645, -0.207329]"
"GA (crossover=uniform+selection=roulette, seed 2)",1000000002,103,277,4300,85,9,0,0,False,0.04,"[-0.773426, -0.331433, -0.077459, -0.45457, -0.190645, -0.207329]"
"GA (crossover=uniform+selection=roulette, seed 2)",1000000003,37,114,1680,32,1,1,0,False,0.02,"[-0.773426, -0.331433, -0.077459, -0.45457, -0.190645, -0.207329]"
"GA (crossover=uniform+selection=roulette, seed 2)",1000000004,57,163,2340,51,3,0,0,False,0.02,"[-0.773426, -0.331433, -0.077459, -0.45457, -0.190645, -0.207329]"
"GA (crossover=uniform+selection=roulette, seed 2)",1000000005,68,190,2820,58,5,0,0,False,0.03,"[-0.773426, -0.331433, -0.077459, -0.45457, -0.190645, -0.207329]"
"GA (crossover=uniform+selection=roulette, seed 2)",1000000006,193,503,8220,158,16,1,0,False,0.08,"[-0.773426, -0.331433, -0.077459, -0.45457, -0.190645, -0.207329]"
"GA (crossover=uniform+selection=roulette, seed 2)",1000000007,209,544,9340,171,13,4,0,False,0.08,"[-0.773426, -0.331433, -0.077459, -0.45457, -0.190645, -0.207329]"
"GA (crossover=uniform+selection=roulette, seed 2)",1000000008,54,156,2380,47,2,1,0,False,0.02,"[-0.773426, -0.331433, -0.077459, -0.45457, -0.190645, -0.207329]"
"GA (crossover=uniform+selection=roulette, seed 2)",1000000009,73,204,2980,67,3,0,0,False,0.03,"[-0.773426, -0.331433, -0.077459, -0.45457, -0.190645, -0.207329]"
"GA (crossover=uniform+selection=roulette, seed 2)",1000000010,71,198,2960,59,6,0,0,False,0.03,"[-0.773426, -0.331433, -0.077459, -0.45457, -0.190645, -0.207329]"
"GA (crossover=uniform+selection=roulette, seed 2)",1000000011,71,199,3180,52,8,1,0,False,0.03,"[-0.773426, -0.331433, -0.077459, -0.45457, -0.190645, -0.207329]"
"GA (crossover=uniform+selection=roulette, seed 2)",1000000012,90,247,3800,70,10,0,0,False,0.03,"[-0.773426, -0.331433, -0.077459, -0.45457, -0.190645, -0.207329]"
"GA (crossover=uniform+selection=roulette, seed 2)",1000000013,191,498,8440,156,13,3,0,False,0.07,"[-0.773426, -0.331433, -0.077459, -0.45457, -0.190645, -0.207329]"
"GA (crossover=uniform+selection=roulette, seed 2)",1000000014,77,213,3360,64,5,1,0,False,0.03,"[-0.773426, -0.331433, -0.077459, -0.45457, -0.190645, -0.207329]"
"GA (crossover=uniform+selection=roulette, seed 2)",1000000015,150,396,6380,127,10,1,0,False,0.05,"[-0.773426, -0.331433, -0.077459, -0.45457, -0.190645, -0.207329]"
"GA (crossover=uniform+selection=roulette, seed 2)",1000000016,75,209,4360,54,7,1,1,False,0.03,"[-0.773426, -0.331433, -0.077459, -0.45457, -0.190645, -0.207329]"
"GA (crossover=uniform+selection=roulette, seed 2)",1000000017,39,119,1600,35,2,0,0,False,0.02,"[-0.773426, -0.331433, -0.077459, -0.45457, -0.190645, -0.207329]"
"GA (crossover=uniform+selection=roulette, seed 2)",1000000018,234,605,10660,179,20,5,0,False,0.09,"[-0.773426, -0.331433, -0.077459, -0.45457, -0.190645, -0.207329]"
"GA (crossover=uniform+selection=roulette, seed 2)",1000000019,319,819,13400,270,23,1,0,False,0.12,"[-0.773426, -0.331433, -0.077459, -0.45457, -0.190645, -0.207329]"
"GA (crossover=uniform+selection=roulette, seed 3)",1000000000,49,143,2060,39,5,0,0,False,0.02,"[-0.723089, -0.467231, -0.094081, -0.444963, -0.139602, -0.180294]"
"GA (crossover=uniform+selection=roulette, seed 3)",1000000001,239,618,9860,209,15,0,0,False,0.11,"[-0.723089, -0.467231, -0.094081, -0.444963, -0.139602, -0.180294]"
"GA (crossover=uniform+selection=roulette, seed 3)",1000000002,113,302,4920,88,11,1,0,False,0.05,"[-0.723089, -0.467231, -0.094081, -0.444963, -0.139602, -0.180294]"
"GA (crossover=uniform+selection=roulette, seed 3)",1000000003,339,867,15000,295,20,0,1,False,0.17,"[-0.723089, -0.467231, -0.094081, -0.444963, -0.139602, -0.180294]"
"GA (crossover=uniform+selection=roulette, seed 3)",1000000004,233,601,10000,195,16,2,0,False,0.09,"[-0.723089, -0.467231, -0.094081, -0.444963, -0.139602, -0.180294]"
"GA (crossover=uniform+selection=roulette, seed 3)",1000000005,236,612,9780,202,17,0,0,False,0.1,"[-0.723089, -0.467231, -0.094081, -0.444963, -0.139602, -0.180294]"
"GA (crossover=uniform+selection=roulette, seed 3)",1000000006,109,293,4480,97,6,0,0,False,0.05,"[-0.723089, -0.467231, -0.094081, -0.444963, -0.139602, -0.180294]"
"GA (crossover=uniform+selection=roulette, seed 3)",1000000007,53,153,2220,43,5,0,0,False,0.02,"[-0.723089, -0.467231, -0.094081, -0.444963, -0.139602, -0.180294]"
"GA (crossover=uniform+selection=roulette, seed 3)",1000000008,80,220,3300,70,5,0,0,False,0.03,"[-0.723089, -0.467231, -0.094081, -0.444963, -0.139602, -0.180294]"
"GA (crossover=uniform+selection=roulette, seed 3)",1000000009,45,133,1800,45,0,0,0,False,0.02,"[-0.723089, -0.467231, -0.094081, -0.444963, -0.139602, -0.180294]"
"GA (crossover=uniform+selection=roulette, seed 3)",1000000010,48,141,1960,44,2,0,0,False,0.02,"[-0.723089, -0.467231, -0.094081, -0.444963, -0.139602, -0.180294]"
"GA (crossover=uniform+selection=roulette, seed 3)",1000000011,53,153,2460,34,8,1,0,False,0.02,"[-0.723089, -0.467231, -0.094081, -0.444963, -0.139602, -0.180294]"
"GA (crossover=uniform+selection=roulette, seed 3)",1000000012,90,246,3780,72,9,0,0,False,0.04,"[-0.723089, -0.467231, -0.094081, -0.444963, -0.139602, -0.180294]"
"GA (crossover=uniform+selection=roulette, seed 3)",1000000013,139,368,5960,114,11,1,0,False,0.06,"[-0.723089, -0.467231, -0.094081, -0.444963, -0.139602, -0.180294]"
"GA (crossover=uniform+selection=roulette, seed 3)",1000000014,22,76,940,16,3,0,0,False,0.01,"[-0.723089, -0.467231, -0.094081, -0.444963, -0.139602, -0.180294]"
"GA (crossover=uniform+selection=roulette, seed 3)",1000000015,65,184,2680,57,4,0,0,False,0.03,"[-0.723089, -0.467231, -0.094081, -0.444963, -0.139602, -0.180294]"
"GA (crossover=uniform+selection=roulette, seed 3)",1000000016,126,336,5200,110,8,0,0,False,0.05,"[-0.723089, -0.467231, -0.094081, -0.444963, -0.139602, -0.180294]"
"GA (crossover=uniform+selection=roulette, seed 3)",1000000017,114,306,4760,94,10,0,0,False,0.05,"[-0.723089, -0.467231, -0.094081, -0.444963, -0.139602, -0.180294]"
"GA (crossover=uniform+selection=roulette, seed 3)",1000000018,175,458,8620,143,11,2,1,False,0.07,"[-0.723089, -0.467231, -0.094081, -0.444963, -0.139602, -0.180294]"
"GA (crossover=uniform+selection=roulette, seed 3)",1000000019,20,70,820,18,1,0,0,False,0.01,"[-0.723089, -0.467231, -0.094081, -0.444963, -0.139602, -0.180294]"
"GA (crossover=uniform+selection=roulette, seed 4)",1000000000,49,143,2060,39,5,0,0,False,0.02,"[-0.678996, -0.589118, -0.106151, -0.361495, -0.113148, -0.192756]"
"GA (crossover=uniform+selection=roulette, seed 4)",1000000001,239,618,9860,209,15,0,0,False,0.09,"[-0.678996, -0.589118, -0.106151, -0.361495, -0.113148, -0.192756]"
"GA (crossover=uniform+selection=roulette, seed 4)",1000000002,404,1031,17560,324,34,4,0,False,0.17,"[-0.678996, -0.589118, -0.106151, -0.361495, -0.113148, -0.192756]"
"GA (crossover=uniform+selection=roulette, seed 4)",1000000003,240,621,9920,208,16,0,0,False,0.09,"[-0.678996, -0.589118, -0.106151, -0.361495, -0.113148, -0.192756]"
"GA (crossover=uniform+selection=roulette, seed 4)",1000000004,431,1098,18620,353,33,4,0,False,0.17,"[-0.678996, -0.589118, -0.106151, -0.361495, -0.113148, -0.192756]"
"GA (crossover=uniform+selection=roulette, seed 4)",1000000005,152,400,6400,135,7,1,0,False,0.06,"[-0.678996, -0.589118, -0.106151, -0.361495, -0.113148, -0.192756]"
"GA (crossover=uniform+selection=roulette, seed 4)",1000000006,292,750,12160,244,24,0,0,False,0.13,"[-0.678996, -0.589118, -0.106151, -0.361495, -0.113148, -0.192756]"
"GA (crossover=uniform+selection=roulette, seed 4)",1000000007,53,153,2220,43,5,0,0,False,0.02,"[-0.678996, -0.589118, -0.106151, -0.361495, -0.113148, -0.192756]"
"GA (crossover=uniform+selection=roulette, seed 4)",1000000008,80,220,3300,70,5,0,0,False,0.03,"[-0.678996, -0.589118, -0.106151, -0.361495, -0.113148, -0.192756]"
"GA (crossover=uniform+selection=roulette, seed 4)",1000000009,45,133,1800,45,0,0,0,False,0.02,"[-0.678996, -0.589118, -0.106151, -0.361495, -0.113148, -0.192756]"
"GA (crossover=uniform+selection=roulette, seed 4)",1000000010,42,125,1900,35,2,1,0,False,0.02,"[-0.678996, -0.589118, -0.106151, -0.361495, -0.113148, -0.192756]"
"GA (crossover=uniform+selection=roulette, seed 4)",1000000011,53,153,2460,34,8,1,0,False,0.03,"[-0.678996, -0.589118, -0.106151, -0.361495, -0.113148, -0.192756]"
"GA (crossover=uniform+selection=roulette, seed 4)",1000000012,90,246,3780,72,9,0,0,False,0.05,"[-0.678996, -0.589118, -0.106151, -0.361495, -0.113148, -0.192756]"
"GA (crossover=uniform+selection=roulette, seed 4)",1000000013,254,656,10620,208,23,0,0,False,0.11,"[-0.678996, -0.589118, -0.106151, -0.361495, -0.113148, -0.192756]"
"GA (crossover=uniform+selection=roulette, seed 4)",1000000014,22,76,940,16,3,0,0,False,0.02,"[-0.678996, -0.589118, -0.106151, -0.361495, -0.113148, -0.192756]"
"GA (crossover=uniform+selection=roulette, seed 4)",1000000015,65,184,2680,57,4,0,0,False,0.04,"[-0.678996, -0.589118, -0.106151, -0.361495, -0.113148, -0.192756]"
"GA (crossover=uniform+selection=roulette, seed 4)",1000000016,109,293,4580,87,11,0,0,False,0.05,"[-0.678996, -0.589118, -0.106151, -0.361495, -0.113148, -0.192756]"
"GA (crossover=uniform+selection=roulette, seed 4)",1000000017,114,306,4760,94,10,0,0,False,0.05,"[-0.678996, -0.589118, -0.106151, -0.361495, -0.113148, -0.192756]"
"GA (crossover=uniform+selection=roulette, seed 4)",1000000018,175,458,8620,143,11,2,1,False,0.07,"[-0.678996, -0.589118, -0.106151, -0.361495, -0.113148, -0.192756]"
"GA (crossover=uniform+selection=roulette, seed 4)",1000000019,20,70,820,18,1,0,0,False,0.01,"[-0.678996, -0.589118, -0.106151, -0.361495, -0.113148, -0.192756]"
"GA (crossover=uniform+selection=roulette, seed 5)",1000000000,367,939,15660,299,31,2,0,False,0.18,"[-0.926635, -0.212873, -0.150451, 0.251384, -0.047103, -0.089358]"
"GA (crossover=uniform+selection=roulette, seed 5)",1000000001,121,323,5400,95,10,2,0,False,0.05,"[-0.926635, -0.212873, -0.150451, 0.251384, -0.047103, -0.089358]"
"GA (crossover=uniform+selection=roulette, seed 5)",1000000002,391,998,16960,304,39,3,0,False,0.24,"[-0.926635, -0.212873, -0.150451, 0.251384, -0.047103, -0.089358]"
"GA (crossover=uniform+selection=roulette, seed 5)",1000000003,72,201,3020,58,7,0,0,False,0.04,"[-0.926635, -0.212873, -0.150451, 0.251384, -0.047103, -0.089358]"
"GA (crossover=uniform+selection=roulette, seed 5)",1000000004,204,531,9480,172,14,0,1,False,0.14,"[-0.926635, -0.212873, -0.150451, 0.251384, -0.047103, -0.089358]"
"GA (crossover=uniform+selection=roulette, seed 5)",1000000005,70,195,3120,53,7,1,0,False,0.03,"[-0.926635, -0.212873, -0.150451, 0.251384, -0.047103, -0.089358]"
"GA (crossover=uniform+selection=roulette, seed 5)",1000000006,61,173,2680,52,3,1,0,False,0.05,"[-0.926635, -0.212873, -0.150451, 0.251384, -0.047103, -0.089358]"
"GA (crossover=uniform+selection=roulette, seed 5)",1000000007,297,762,13340,241,19,6,0,False,0.11,"[-0.926635, -0.212873, -0.150451, 0.251384, -0.047103, -0.089358]"
"GA (crossover=uniform+selection=roulette, seed 5)",1000000008,130,345,5740,106,9,2,0,False,0.09,"[-0.926635, -0.212873, -0.150451, 0.251384, -0.047103, -0.089358]"
"GA (crossover=uniform+selection=roulette, seed 5)",1000000009,72,200,3300,60,3,2,0,False,0.03,"[-0.926635, -0.212873, -0.150451, 0.251384, -0.047103, -0.089358]"
"GA (crossover=uniform+selection=roulette, seed 5)",1000000010,334,856,14580,272,25,4,0,False,0.16,"[-0.926635, -0.212873, -0.150451, 0.251384, -0.047103, -0.089358]"
"GA (crossover=uniform+selection=roulette, seed 5)",1000000011,90,244,4720,78,4,0,1,False,0.04,"[-0.926635, -0.212873, -0.150451, 0.251384, -0.047103, -0.089358]"
"GA (crossover=uniform+selection=roulette, seed 5)",1000000012,73,202,3200,60,5,1,0,False,0.03,"[-0.926635, -0.212873, -0.150451, 0.251384, -0.047103, -0.089358]"
"GA (crossover=uniform+selection=roulette, seed 5)",1000000013,434,1106,20580,357,30,3,2,False,0.21,"[-0.926635, -0.212873, -0.150451, 0.251384, -0.047103, -0.089358]"
"GA (crossover=uniform+selection=roulette, seed 5)",1000000014,339,869,14300,280,28,1,0,False,0.15,"[-0.926635, -0.212873, -0.150451, 0.251384, -0.047103, -0.089358]"
"GA (crossover=uniform+selection=roulette, seed 5)",1000000015,390,997,18540,301,32,7,1,False,0.17,"[-0.926635, -0.212873, -0.150451, 0.251384, -0.047103, -0.089358]"
"GA (crossover=uniform+selection=roulette, seed 5)",1000000016,71,197,3100,60,4,1,0,False,0.04,"[-0.926635, -0.212873, -0.150451, 0.251384, -0.047103, -0.089358]"
"GA (crossover=uniform+selection=roulette, seed 5)",1000000017,144,380,6440,106,16,2,0,False,0.08,"[-0.926635, -0.212873, -0.150451, 0.251384, -0.047103, -0.089358]"
"GA (crossover=uniform+selection=roulette, seed 5)",1000000018,136,360,6000,110,10,2,0,False,0.06,"[-0.926635, -0.212873, -0.150451, 0.251384, -0.047103, -0.089358]"
"GA (crossover=uniform+selection=roulette, seed 5)",1000000019,355,908,15380,297,23,4,0,False,0.2,"[-0.926635, -0.212873, -0.150451, 0.251384, -0.047103, -0.089358]"
"GA (crossover=uniform+selection=roulette, seed 6)",1000000000,186,484,7840,146,20,0,0,False,0.07,"[-0.714626, -0.622216, -0.084747, -0.127665, -0.178746, -0.216165]"
"GA (crossover=uniform+selection=roulette, seed 6)",1000000001,132,350,6580,102,13,0,1,False,0.06,"[-0.714626, -0.622216, -0.084747, -0.127665, -0.178746, -0.216165]"
"GA (crossover=uniform+selection=roulette, seed 6)",1000000002,128,340,5540,101,12,1,0,False,0.05,"[-0.714626, -0.622216, -0.084747, -0.127665, -0.178746, -0.216165]"
"GA (crossover=uniform+selection=roulette, seed 6)",1000000003,68,191,2840,56,6,0,0,False,0.04,"[-0.714626, -0.622216, -0.084747, -0.127665, -0.178746, -0.216165]"
"GA (crossover=uniform+selection=roulette, seed 6)",1000000004,57,163,2340,51,3,0,0,False,0.02,"[-0.714626, -0.622216, -0.084747, -0.127665, -0.178746, -0.216165]"
"GA (crossover=uniform+selection=roulette, seed 6)",1000000005,68,190,2820,58,5,0,0,False,0.05,"[-0.714626, -0.622216, -0.084747, -0.127665, -0.178746, -0.216165]"
"GA (crossover=uniform+selection=roulette, seed 6)",1000000006,114,305,4760,94,10,0,0,False,0.06,"[-0.714626, -0.622216, -0.084747, -0.127665, -0.178746, -0.216165]"
"GA (crossover=uniform+selection=roulette, seed 6)",1000000007,477,1214,22200,370,41,7,1,False,0.25,"[-0.714626, -0.622216, -0.084747, -0.127665, -0.178746, -0.216165]"
"GA (crossover=uniform+selection=roulette, seed 6)",1000000008,147,389,6900,105,15,4,0,False,0.07,"[-0.714626, -0.622216, -0.084747, -0.127665, -0.178746, -0.216165]"
"GA (crossover=uniform+selection=roulette, seed 6)",1000000009,64,181,2860,49,6,1,0,False,0.03,"[-0.714626, -0.622216, -0.084747, -0.127665, -0.178746, -0.216165]"
"GA (crossover=uniform+selection=roulette, seed 6)",1000000010,274,706,12080,207,29,3,0,False,0.12,"[-0.714626, -0.622216, -0.084747, -0.127665, -0.178746, -0.216165]"
"GA (crossover=uniform+selection=roulette, seed 6)",1000000011,90,246,3940,71,8,1,0,False,0.05,"[-0.714626, -0.622216, -0.084747, -0.127665, -0.178746, -0.216165]"
"GA (crossover=uniform+selection=roulette, seed 6)",1000000012,134,356,7980,102,9,2,2,False,0.06,"[-0.714626, -0.622216, -0.084747, -0.127665, -0.178746, -0.216165]"
"GA (crossover=uniform+selection=roulette, seed 6)",1000000013,300,771,13380,222,33,4,0,False,0.15,"[-0.714626, -0.622216, -0.084747, -0.127665, -0.178746, -0.216165]"
"GA (crossover=uniform+selection=roulette, seed 6)",1000000014,66,186,2720,58,4,0,0,False,0.04,"[-0.714626, -0.622216, -0.084747, -0.127665, -0.178746, -0.216165]"
"GA (crossover=uniform+selection=roulette, seed 6)",1000000015,205,534,9740,166,16,1,1,False,0.08,"[-0.714626, -0.622216, -0.084747, -0.127665, -0.178746, -0.216165]"
"GA (crossover=uniform+selection=roulette, seed 6)",1000000016,74,204,3300,55,8,1,0,False,0.03,"[-0.714626, -0.622216, -0.084747, -0.127665, -0.178746, -0.216165]"
"GA (crossover=uniform+selection=roulette, seed 6)",1000000017,77,213,3140,71,3,0,0,False,0.04,"[-0.714626, -0.622216, -0.084747, -0.127665, -0.178746, -0.216165]"
"GA (crossover=uniform+selection=roulette, seed 6)",1000000018,71,198,3120,58,5,1,0,False,0.03,"[-0.714626, -0.622216, -0.084747, -0.127665, -0.178746, -0.216165]"
"GA (crossover=uniform+selection=roulette, seed 6)",1000000019,174,456,8220,148,11,0,1,False,0.08,"[-0.714626, -0.622216, -0.084747, -0.127665, -0.178746, -0.216165]"
"GA (crossover=uniform+selection=roulette, seed 7)",1000000000,28,90,1160,24,2,0,0,False,0.01,"[-0.672195, -0.425571, -0.011554, 0.349499, -0.417843, -0.264892]"
"GA (crossover=uniform+selection=roulette, seed 7)",1000000001,252,652,10480,212,20,0,0,False,0.1,"[-0.672195, -0.425571, -0.011554, 0.349499, -0.417843, -0.264892]"
"GA (crossover=uniform+selection=roulette, seed 7)",1000000002,234,604,9660,204,15,0,0,False,0.11,"[-0.672195, -0.425571, -0.011554, 0.349499, -0.417843, -0.264892]"
"GA (crossover=uniform+selection=roulette, seed 7)",1000000003,18,67,740,16,1,0,0,False,0.01,"[-0.672195, -0.425571, -0.011554, 0.349499, -0.417843, -0.264892]"
"GA (crossover=uniform+selection=roulette, seed 7)",1000000004,203,528,9160,159,16,4,0,False,0.08,"[-0.672195, -0.425571, -0.011554, 0.349499, -0.417843, -0.264892]"
"GA (crossover=uniform+selection=roulette, seed 7)",1000000005,205,533,8560,184,9,1,0,False,0.08,"[-0.672195, -0.425571, -0.011554, 0.349499, -0.417843, -0.264892]"
"GA (crossover=uniform+selection=roulette, seed 7)",1000000006,72,201,3260,49,10,1,0,False,0.03,"[-0.672195, -0.425571, -0.011554, 0.349499, -0.417843, -0.264892]"
"GA (crossover=uniform+selection=roulette, seed 7)",1000000007,478,1215,21620,373,46,3,1,False,0.2,"[-0.672195, -0.425571, -0.011554, 0.349499, -0.417843, -0.264892]"
"GA (crossover=uniform+selection=roulette, seed 7)",1000000008,33,102,1340,31,1,0,0,False,0.02,"[-0.672195, -0.425571, -0.011554, 0.349499, -0.417843, -0.264892]"
"GA (crossover=uniform+selection=roulette, seed 7)",1000000009,77,212,4200,65,4,0,1,False,0.03,"[-0.672195, -0.425571, -0.011554, 0.349499, -0.417843, -0.264892]"
"GA (crossover=uniform+selection=roulette, seed 7)",1000000010,37,113,1540,31,3,0,0,False,0.02,"[-0.672195, -0.425571, -0.011554, 0.349499, -0.417843, -0.264892]"
"GA (crossover=uniform+selection=roulette, seed 7)",1000000011,212,551,9200,170,18,2,0,False,0.09,"[-0.672195, -0.425571, -0.011554, 0.349499, -0.417843, -0.264892]"
"GA (crossover=uniform+selection=roulette, seed 7)",1000000012,357,914,16200,295,26,2,1,False,0.17,"[-0.672195, -0.425571, -0.011554, 0.349499, -0.417843, -0.264892]"
"GA (crossover=uniform+selection=roulette, seed 7)",1000000013,251,647,10960,204,19,3,0,False,0.1,"[-0.672195, -0.425571, -0.011554, 0.349499, -0.417843, -0.264892]"
"GA (crossover=uniform+selection=roulette, seed 7)",1000000014,68,191,2840,56,6,0,0,False,0.03,"[-0.672195, -0.425571, -0.011554, 0.349499, -0.417843, -0.264892]"
"GA (crossover=uniform+selection=roulette, seed 7)",1000000015,173,454,8580,137,13,2,1,False,0.07,"[-0.672195, -0.425571, -0.011554, 0.349499, -0.417843, -0.264892]"
"GA (crossover=uniform+selection=roulette, seed 7)",1000000016,56,160,2260,54,1,0,0,False,0.03,"[-0.672195, -0.425571, -0.011554, 0.349499, -0.417843, -0.264892]"
"GA (crossover=uniform+selection=roulette, seed 7)",1000000017,161,423,6980,122,18,1,0,False,0.06,"[-0.672195, -0.425571, -0.011554, 0.349499, -0.417843, -0.264892]"
"GA (crossover=uniform+selection=roulette, seed 7)",1000000018,69,193,3880,57,4,0,1,False,0.03,"[-0.672195, -0.425571, -0.011554, 0.349499, -0.417843, -0.264892]"
"GA (crossover=uniform+selection=roulette, seed 7)",1000000019,35,107,1640,26,3,1,0,False,0.01,"[-0.672195, -0.425571, -0.011554, 0.349499, -0.417843, -0.264892]"
"GA (crossover=uniform+selection=roulette, seed 8)",1000000000,215,560,8980,192,10,1,0,False,0.09,"[-0.498826, -0.71761, -0.174458, -0.334305, -0.263933, -0.156051]"
"GA (crossover=uniform+selection=roulette, seed 8)",1000000001,206,535,9640,181,9,1,1,False,0.08,"[-0.498826, -0.71761, -0.174458, -0.334305, -0.263933, -0.156051]"
"GA (crossover=uniform+selection=roulette, seed 8)",1000000002,165,433,6780,147,9,0,0,False,0.07,"[-0.498826, -0.71761, -0.174458, -0.334305, -0.263933, -0.156051]"
"GA (crossover=uniform+selection=roulette, seed 8)",1000000003,365,933,15520,303,28,2,0,False,0.15,"[-0.498826, -0.71761, -0.174458, -0.334305, -0.263933, -0.156051]"
"GA (crossover=uniform+selection=roulette, seed 8)",1000000004,145,384,6120,128,7,1,0,False,0.06,"[-0.498826, -0.71761, -0.174458, -0.334305, -0.263933, -0.156051]"
"GA (crossover=uniform+selection=roulette, seed 8)",1000000005,134,356,5720,113,9,1,0,False,0.06,"[-0.498826, -0.71761, -0.174458, -0.334305, -0.263933, -0.156051]"
"GA (crossover=uniform+selection=roulette, seed 8)",1000000006,80,220,3860,59,6,3,0,False,0.03,"[-0.498826, -0.71761, -0.174458, -0.334305, -0.263933, -0.156051]"
"GA (crossover=uniform+selection=roulette, seed 8)",1000000007,201,523,8560,164,17,1,0,False,0.08,"[-0.498826, -0.71761, -0.174458, -0.334305, -0.263933, -0.156051]"
"GA (crossover=uniform+selection=roulette, seed 8)",1000000008,63,179,2600,55,4,0,0,False,0.03,"[-0.498826, -0.71761, -0.174458, -0.334305, -0.263933, -0.156051]"
"GA (crossover=uniform+selection=roulette, seed 8)",1000000009,49,143,2060,39,5,0,0,False,0.02,"[-0.498826, -0.71761, -0.174458, -0.334305, -0.263933, -0.156051]"
"GA (crossover=uniform+selection=roulette, seed 8)",1000000010,330,845,14320,263,29,3,0,False,0.13,"[-0.498826, -0.71761, -0.174458, -0.334305, -0.263933, -0.156051]"
"GA (crossover=uniform+selection=roulette, seed 8)",1000000011,261,674,10820,223,19,0,0,False,0.13,"[-0.498826, -0.71761, -0.174458, -0.334305, -0.263933, -0.156051]"
"GA (crossover=uniform+selection=roulette, seed 8)",1000000012,218,567,9240,181,17,1,0,False,0.12,"[-0.498826, -0.71761, -0.174458, -0.334305, -0.263933, -0.156051]"
"GA (crossover=uniform+selection=roulette, seed 8)",1000000013,152,401,6300,130,11,0,0,False,0.06,"[-0.498826, -0.71761, -0.174458, -0.334305, -0.263933, -0.156051]"
"GA (crossover=uniform+selection=roulette, seed 8)",1000000014,143,379,6120,118,11,1,0,False,0.07,"[-0.498826, -0.71761, -0.174458, -0.334305, -0.263933, -0.156051]"
"GA (crossover=uniform+selection=roulette, seed 8)",1000000015,67,188,2800,55,6,0,0,False,0.05,"[-0.498826, -0.71761, -0.174458, -0.334305, -0.263933, -0.156051]"
"GA (crossover=uniform+selection=roulette, seed 8)",1000000016,142,376,6080,117,11,1,0,False,0.09,"[-0.498826, -0.71761, -0.174458, -0.334305, -0.263933, -0.156051]"
"GA (crossover=uniform+selection=roulette, seed 8)",1000000017,94,256,3840,86,4,0,0,False,0.07,"[-0.498826, -0.71761, -0.174458, -0.334305, -0.263933, -0.156051]"
"GA (crossover=uniform+selection=roulette, seed 8)",1000000018,145,382,6080,117,14,0,0,False,0.06,"[-0.498826, -0.71761, -0.174458, -0.334305, -0.263933, -0.156051]"
"GA (crossover=uniform+selection=roulette, seed 8)",1000000019,755,1908,31880,617,66,2,0,False,0.35,"[-0.498826, -0.71761, -0.174458, -0.334305, -0.263933, -0.156051]"
"GA (crossover=uniform+selection=roulette, seed 9)",1000000000,159,418,6460,149,5,0,0,False,0.08,"[-0.62665, -0.66303, -0.109944, 0.194915, -0.203699, -0.275912]"
"GA (crossover=uniform+selection=roulette, seed 9)",1000000001,90,247,3900,75,6,1,0,False,0.04,"[-0.62665, -0.66303, -0.109944, 0.194915, -0.203699, -0.275912]"
"GA (crossover=uniform+selection=roulette, seed 9)",1000000002,270,696,11340,231,18,1,0,False,0.14,"[-0.62665, -0.66303, -0.109944, 0.194915, -0.203699, -0.275912]"
"GA (crossover=uniform+selection=roulette, seed 9)",1000000003,37,114,1680,32,1,1,0,False,0.03,"[-0.62665, -0.66303, -0.109944, 0.194915, -0.203699, -0.275912]"
"GA (crossover=uniform+selection=roulette, seed 9)",1000000004,187,488,8260,154,12,3,0,False,0.08,"[-0.62665, -0.66303, -0.109944, 0.194915, -0.203699, -0.275912]"
"GA (crossover=uniform+selection=roulette, seed 9)",1000000005,67,188,2740,61,3,0,0,False,0.03,"[-0.62665, -0.66303, -0.109944, 0.194915, -0.203699, -0.275912]"
"GA (crossover=uniform+selection=roulette, seed 9)",1000000006,44,132,1840,36,4,0,0,False,0.02,"[-0.62665, -0.66303, -0.109944, 0.194915, -0.203699, -0.275912]"
"GA (crossover=uniform+selection=roulette, seed 9)",1000000007,152,400,6880,117,13,3,0,False,0.06,"[-0.62665, -0.66303, -0.109944, 0.194915, -0.203699, -0.275912]"
"GA (crossover=uniform+selection=roulette, seed 9)",1000000008,76,210,3160,64,6,0,0,False,0.03,"[-0.62665, -0.66303, -0.109944, 0.194915, -0.203699, -0.275912]"
"GA (crossover=uniform+selection=roulette, seed 9)",1000000009,180,470,7720,143,17,1,0,False,0.07,"[-0.62665, -0.66303, -0.109944, 0.194915, -0.203699, -0.275912]"
"GA (crossover=uniform+selection=roulette, seed 9)",1000000010,129,342,5500,110,8,1,0,False,0.05,"[-0.62665, -0.66303, -0.109944, 0.194915, -0.203699, -0.275912]"
"GA (crossover=uniform+selection=roulette, seed 9)",1000000011,88,239,3860,69,8,1,0,False,0.04,"[-0.62665, -0.66303, -0.109944, 0.194915, -0.203699, -0.275912]"
"GA (crossover=uniform+selection=roulette, seed 9)",1000000012,344,880,14500,285,28,1,0,False,0.14,"[-0.62665, -0.66303, -0.109944, 0.194915, -0.203699, -0.275912]"
"GA (crossover=uniform+selection=roulette, seed 9)",1000000013,191,499,8340,151,17,2,0,False,0.08,"[-0.62665, -0.66303, -0.109944, 0.194915, -0.203699, -0.275912]"
"GA (crossover=uniform+selection=roulette, seed 9)",1000000014,59,168,2460,49,5,0,0,False,0.03,"[-0.62665, -0.66303, -0.109944, 0.194915, -0.203699, -0.275912]"
"GA (crossover=uniform+selection=roulette, seed 9)",1000000015,164,431,7020,133,14,1,0,False,0.07,"[-0.62665, -0.66303, -0.109944, 0.194915, -0.203699, -0.275912]"
"GA (crossover=uniform+selection=roulette, seed 9)",1000000016,149,394,6520,123,10,2,0,False,0.06,"[-0.62665, -0.66303, -0.109944, 0.194915, -0.203699, -0.275912]"
"GA (crossover=uniform+selection=roulette, seed 9)",1000000017,39,119,1600,35,2,0,0,False,0.02,"[-0.62665, -0.66303, -0.109944, 0.194915, -0.203699, -0.275912]"
"GA (crossover=uniform+selection=roulette, seed 9)",1000000018,112,300,4660,94,9,0,0,False,0.05,"[-0.62665, -0.66303, -0.109944, 0.194915, -0.203699, -0.275912]"
"GA (crossover=uniform+selection=roulette, seed 9)",1000000019,98,264,4560,79,5,3,0,False,0.04,"[-0.62665, -0.66303, -0.109944, 0.194915, -0.203699, -0.275912]"
